entry_id,position,name,role,death_year,authority_url
commons__auerbach_letter_shtenzel_1961__p0001,0,Shlomo Zalman Auerbach,author,1995,
commons__begani_netatikha__p0001,0,Rachel Bluwstein,author,1931,https://www.wikidata.org/wiki/Q241180
commons__bendin_semichah_shtenzel_1933__p0001,0,Rabbinical Court of Będzin,author,,
commons__bialik_el_hazippor__p0001,0,Hayyim Nahman Bialik,author,1934,https://www.wikidata.org/wiki/Q189518
commons__bialik_letter_safed_1927__p0001,0,Hayyim Nahman Bialik,author,1934,https://www.wikidata.org/wiki/Q189518
commons__bialik_letter_safed_1927__p0002,0,Hayyim Nahman Bialik,author,1934,https://www.wikidata.org/wiki/Q189518
commons__bialik_letter_safed_1927__p0003,0,Hayyim Nahman Bialik,author,1934,https://www.wikidata.org/wiki/Q189518
commons__blazer_letter_grayevsky_1905__p0001,0,Yitzchak Blazer,author,1907,
commons__bodleian_geniza_ms_heb_d_41_4b__p0001,0,Unknown medieval scribe,writer,,
commons__bodleian_geniza_ms_heb_e_39_78b__p0001,0,Unknown medieval scribe,writer,,
commons__chaim_berlin_halachic_response_1894__p0001,0,Chaim Berlin,author,1912,
commons__chaim_berlin_halachic_response_1894__p0001,1,Moses Nahum Jerusalimski,author,1916,
commons__chaim_berlin_letter_kollels_1890__p0001,0,Chaim Berlin,author,1912,
commons__chief_rabbinate_letter_1921__p0001,0,Abraham Isaac Kook,author,1935,https://www.wikidata.org/wiki/Q336700
commons__chushiel_letter_geniza__p0001,0,Hushiel ben Elhanan,writer,1027,https://www.wikidata.org/wiki/Q5862680
commons__damascus_pentateuch_ms_heb_8_7088__p0001,0,Unknown 14th-century scribe,writer,,
commons__epstein_meltzer_letter_about_kook__p0001,0,Moshe Mordechai Epstein,author,1933,
commons__epstein_meltzer_letter_about_kook__p0001,1,Isser Zalman Meltzer,author,1953,
commons__geniza_education_ts_k5_13__p0001,0,Unknown Geniza teacher or pupil,writer,,
commons__grodzinski_letter_about_kook__p0001,0,Chaim Ozer Grodzinski,author,1940,
commons__halper113_midrash_david_colophon__p0001,0,David ben Abraham Maimuni,writer,1300,https://www.wikidata.org/wiki/Q4150028
commons__halper462_exilarch_genealogy__p0001,0,Avraham ben Tamim al-Rahbi,writer,,
commons__hatikvah_imber_manuscript__p0001,0,Naftali Herz Imber,author,1909,https://www.wikidata.org/wiki/Q295121
commons__hirsch_torah_letter_1878__p0001,0,Samson Raphael Hirsch,author,1888,https://www.wikidata.org/wiki/Q237124
commons__hirsch_torah_letter_1878__p0002,0,Samson Raphael Hirsch,author,1888,https://www.wikidata.org/wiki/Q237124
commons__hirsch_torah_letter_1878__p0003,0,Samson Raphael Hirsch,author,1888,https://www.wikidata.org/wiki/Q237124
commons__judah_halevi_letter_ts_8j18_5__p0001,0,Judah ha-Levi,writer,1141,https://www.wikidata.org/wiki/Q310875
commons__kafka_hebrew_writings__p0001,0,Franz Kafka,writer,1924,https://www.wikidata.org/wiki/Q905
commons__kook_letter_12_tammuz_1928__p0001,0,Abraham Isaac Kook,author,1935,https://www.wikidata.org/wiki/Q336700
commons__landsberg_letter_1859__p0001,0,Moshe Landsberg,author,,https://www.wikidata.org/wiki/Q105553021
commons__landsberg_letter_1859__p0002,0,Moshe Landsberg,author,,https://www.wikidata.org/wiki/Q105553021
commons__leibowitz_letter_about_kook__p0001,0,Boruch Ber Leibowitz,author,1939,
commons__leningrad_codex_folio_474a__p0001,0,Shmuel ben Ya'akov,writer,,https://www.wikidata.org/wiki/Q1815828
commons__mahzor_vitry_1204__p0001,0,Unknown 13th-century scribe,writer,,
commons__mahzor_vitry_1204__p0001,1,Simcha ben Samuel of Vitry,author,1105,https://www.wikidata.org/wiki/Q1473023
commons__maimonides_responsum_ts_ns_163_57__p0001,0,Moses Maimonides,writer,1204,https://www.wikidata.org/wiki/Q127398
commons__manger_unter_di_khurves__p0001,0,Itzik Manger,author,1969,https://www.wikidata.org/wiki/Q1001688
commons__manger_unter_di_khurves__p0002,0,Itzik Manger,author,1969,https://www.wikidata.org/wiki/Q1001688
commons__mardumsk_haskama_1931__p0001,0,Shlomo Hanokh HaKohen Rabinowicz,author,1942,
commons__mira_ben_ari_letter__p0001,0,Mira Ben-Ari,author,1948,
commons__more_nevuchim_yemenite__p0001,0,Unknown Yemenite scribe,writer,,
commons__more_nevuchim_yemenite__p0001,1,Moses Maimonides,author,1204,https://www.wikidata.org/wiki/Q127398
commons__obadiah_proselyte_doc16_baruch_aleppo__p0001,0,Barukh ben Isaac of Aleppo,writer,,
commons__obadiah_proselyte_kaufmann_ms24__p0001,0,Obadiah the Proselyte,writer,1150,https://www.wikidata.org/wiki/Q1057519
commons__obadiah_proselyte_kaufmann_ms24__p0002,0,Obadiah the Proselyte,writer,1150,https://www.wikidata.org/wiki/Q1057519
commons__obadiah_proselyte_kaufmann_ms24__p0003,0,Obadiah the Proselyte,writer,1150,https://www.wikidata.org/wiki/Q1057519
commons__obadiah_proselyte_kaufmann_ms24__p0004,0,Obadiah the Proselyte,writer,1150,https://www.wikidata.org/wiki/Q1057519
commons__pelliot_hebreu_1__p0001,0,Unknown Persian Jewish merchant,writer,,
commons__pirke_rebbe_eliezer_yemenite_1876__p0001,0,Unknown 19th-century Yemenite scribe,writer,,
commons__pirke_rebbe_eliezer_yemenite_1876__p0001,1,Davidbena (Commons photographer),collector,,https://commons.wikimedia.org/wiki/User:Davidbena
commons__provencal_hebrew_cursive_17c__p0001,0,Unknown 17th-century Provençal scribe,writer,,
commons__rachel_aqara_1928__p0001,0,Rachel Bluwstein,author,1931,https://www.wikidata.org/wiki/Q241180
commons__rachel_gan_naul__p0001,0,Rachel Bluwstein,author,1931,https://www.wikidata.org/wiki/Q241180
commons__rachel_rak_al_atzmi__p0001,0,Rachel Bluwstein,author,1931,https://www.wikidata.org/wiki/Q241180
commons__rashi_pentateuch_paseq_crop__p0001,0,Unknown 14th-century scribe,writer,,
commons__rav_kook_letter_03__p0001,0,Abraham Isaac Kook,author,1935,https://www.wikidata.org/wiki/Q336700
commons__rav_kook_shemitah_letter__p0001,0,Abraham Isaac Kook,author,1935,https://www.wikidata.org/wiki/Q336700
commons__sefer_harazim_geniza__p0001,0,Anonymous Geniza-era scribe (work pseudepigraphically ascribed),writer,,
commons__sefer_harazim_geniza__p0002,0,Anonymous Geniza-era scribe (work pseudepigraphically ascribed),writer,,
commons__sefer_harazim_geniza__p0003,0,Anonymous Geniza-era scribe (work pseudepigraphically ascribed),writer,,
commons__sefer_harazim_geniza__p0004,0,Anonymous Geniza-era scribe (work pseudepigraphically ascribed),writer,,
commons__sefer_harazim_geniza__p0005,0,Anonymous Geniza-era scribe (work pseudepigraphically ascribed),writer,,
commons__sefer_harazim_geniza__p0006,0,Anonymous Geniza-era scribe (work pseudepigraphically ascribed),writer,,
commons__shabazi_tiklal_1676__p0001,0,Shalom Shabazi,writer,1720,https://www.wikidata.org/wiki/Q1183870
commons__tsherniak_postcard_1913__p0001,0,Shalom Shakhna Tsherniak,author,1937,
commons__tsherniak_postcard_1913__p0002,0,Shalom Shakhna Tsherniak,author,1937,
commons__volozhin_letter_shapira_1930__p0001,0,Yaʻakov Shapira,author,1936,
commons__volozhin_letter_shapira_1930__p0002,0,Yaʻakov Shapira,author,1936,
commons__weidenfeld_eruv_letter_1947__p0001,0,Dov Berish Weidenfeld,author,1966,
commons__weidenfeld_letter_shtenzel_1959__p0001,0,Dov Berish Weidenfeld,author,1966,
commons__wosner_halachic_ruling_1981__p0001,0,Shmuel Halevi Wosner,author,2015,
commons__wosner_letter_halakhah_yomit_1986__p0001,0,Shmuel Halevi Wosner,author,2015,
commons__wosner_support_letter_1990__p0001,0,Shmuel Halevi Wosner,author,2015,
commons__zalman_stern_cod_hebr_120__p0001,0,Unknown 14th-century scribe,writer,,
commons__zalman_stern_cod_hebr_120__p0001,1,Zalman Stern,signatory,,
nli__nnl_archive_al997009761278705171__p0001,0,Hannah Senesh,author,1944,https://www.wikidata.org/wiki/Q231364
nli__nnl_archive_al997009761278705171__p0002,0,Hannah Senesh,author,1944,https://www.wikidata.org/wiki/Q231364
nli__nnl_archive_al997009761278705171__p0003,0,Hannah Senesh,author,1944,https://www.wikidata.org/wiki/Q231364
nli__nnl_archive_al997009761278705171__p0004,0,Hannah Senesh,author,1944,https://www.wikidata.org/wiki/Q231364
nli__nnl_archive_al997009761278705171__p0005,0,Hannah Senesh,author,1944,https://www.wikidata.org/wiki/Q231364
nli__nnl_archive_al997009761278705171__p0006,0,Hannah Senesh,author,1944,https://www.wikidata.org/wiki/Q231364
nli__nnl_archive_al997009761278705171__p0007,0,Hannah Senesh,author,1944,https://www.wikidata.org/wiki/Q231364
nli__nnl_archive_al997009761278705171__p0008,0,Hannah Senesh,author,1944,https://www.wikidata.org/wiki/Q231364
nli__nnl_archive_al997009761278705171__p0009,0,Hannah Senesh,author,1944,https://www.wikidata.org/wiki/Q231364
nli__nnl_archive_al997009761278705171__p0010,0,Hannah Senesh,author,1944,https://www.wikidata.org/wiki/Q231364
nli__nnl_archive_al997009761278705171__p0011,0,Hannah Senesh,author,1944,https://www.wikidata.org/wiki/Q231364
nli__nnl_archive_al997009761278705171__p0012,0,Hannah Senesh,author,1944,https://www.wikidata.org/wiki/Q231364
nli__nnl_archive_al997009761278705171__p0013,0,Hannah Senesh,author,1944,https://www.wikidata.org/wiki/Q231364
nli__nnl_archive_al997009761278705171__p0014,0,Hannah Senesh,author,1944,https://www.wikidata.org/wiki/Q231364
nli__nnl_archive_al997009761278705171__p0015,0,Hannah Senesh,author,1944,https://www.wikidata.org/wiki/Q231364
nli__nnl_archive_al997009761278705171__p0016,0,Hannah Senesh,author,1944,https://www.wikidata.org/wiki/Q231364
nli__nnl_archive_al997009761278705171__p0017,0,Hannah Senesh,author,1944,https://www.wikidata.org/wiki/Q231364
nli__nnl_archive_al997009761278705171__p0018,0,Hannah Senesh,author,1944,https://www.wikidata.org/wiki/Q231364
nli__nnl_archive_al997009761278705171__p0019,0,Hannah Senesh,author,1944,https://www.wikidata.org/wiki/Q231364
nli__nnl_archive_al997009761278705171__p0020,0,Hannah Senesh,author,1944,https://www.wikidata.org/wiki/Q231364
nli__nnl_archive_al997009761278705171__p0021,0,Hannah Senesh,author,1944,https://www.wikidata.org/wiki/Q231364
nli__nnl_archive_al997009761278705171__p0022,0,Hannah Senesh,author,1944,https://www.wikidata.org/wiki/Q231364
nli__nnl_archive_al997009761278705171__p0023,0,Hannah Senesh,author,1944,https://www.wikidata.org/wiki/Q231364
nli__nnl_archive_al997009761278705171__p0024,0,Hannah Senesh,author,1944,https://www.wikidata.org/wiki/Q231364
nli__nnl_archive_al997009761278705171__p0025,0,Hannah Senesh,author,1944,https://www.wikidata.org/wiki/Q231364
nli__nnl_archive_al997009761278705171__p0026,0,Hannah Senesh,author,1944,https://www.wikidata.org/wiki/Q231364
nli__nnl_archive_al997009761278705171__p0027,0,Hannah Senesh,author,1944,https://www.wikidata.org/wiki/Q231364
nli__nnl_archive_al997009761278705171__p0028,0,Hannah Senesh,author,1944,https://www.wikidata.org/wiki/Q231364
nli__nnl_archive_al997009761278705171__p0029,0,Hannah Senesh,author,1944,https://www.wikidata.org/wiki/Q231364
nli__nnl_archive_al997009761278705171__p0030,0,Hannah Senesh,author,1944,https://www.wikidata.org/wiki/Q231364
nli__nnl_archive_al997009761278705171__p0031,0,Hannah Senesh,author,1944,https://www.wikidata.org/wiki/Q231364
nli__nnl_archive_al997009761278705171__p0032,0,Hannah Senesh,author,1944,https://www.wikidata.org/wiki/Q231364
nli__nnl_archive_al997009761278705171__p0033,0,Hannah Senesh,author,1944,https://www.wikidata.org/wiki/Q231364
nli__nnl_archive_al997009761278705171__p0034,0,Hannah Senesh,author,1944,https://www.wikidata.org/wiki/Q231364
nli__nnl_archive_al997009761278705171__p0035,0,Hannah Senesh,author,1944,https://www.wikidata.org/wiki/Q231364
nli__nnl_archive_al997009761278705171__p0036,0,Hannah Senesh,author,1944,https://www.wikidata.org/wiki/Q231364
nli__nnl_archive_al997009761278705171__p0037,0,Hannah Senesh,author,1944,https://www.wikidata.org/wiki/Q231364
nli__nnl_archive_al997009761278705171__p0038,0,Hannah Senesh,author,1944,https://www.wikidata.org/wiki/Q231364
nli__nnl_archive_al997009761278705171__p0039,0,Hannah Senesh,author,1944,https://www.wikidata.org/wiki/Q231364
nli__nnl_archive_al997009761278705171__p0040,0,Hannah Senesh,author,1944,https://www.wikidata.org/wiki/Q231364
nli__nnl_archive_al997009761278705171__p0041,0,Hannah Senesh,author,1944,https://www.wikidata.org/wiki/Q231364
nli__nnl_archive_al997009761278705171__p0042,0,Hannah Senesh,author,1944,https://www.wikidata.org/wiki/Q231364
nli__nnl_archive_al997009761278705171__p0043,0,Hannah Senesh,author,1944,https://www.wikidata.org/wiki/Q231364
nli__nnl_archive_al997009761278705171__p0044,0,Hannah Senesh,author,1944,https://www.wikidata.org/wiki/Q231364
nli__nnl_archive_al997009761278705171__p0045,0,Hannah Senesh,author,1944,https://www.wikidata.org/wiki/Q231364
nli__nnl_archive_al997009761278705171__p0046,0,Hannah Senesh,author,1944,https://www.wikidata.org/wiki/Q231364
nli__nnl_archive_al997009761278705171__p0047,0,Hannah Senesh,author,1944,https://www.wikidata.org/wiki/Q231364
nli__nnl_archive_al997009761278705171__p0048,0,Hannah Senesh,author,1944,https://www.wikidata.org/wiki/Q231364
nli__nnl_archive_al997009761278705171__p0049,0,Hannah Senesh,author,1944,https://www.wikidata.org/wiki/Q231364
nli__nnl_archive_al997009761278705171__p0050,0,Hannah Senesh,author,1944,https://www.wikidata.org/wiki/Q231364
nli__nnl_archive_al997009761278705171__p0051,0,Hannah Senesh,author,1944,https://www.wikidata.org/wiki/Q231364
nli__nnl_archive_al997009761278705171__p0052,0,Hannah Senesh,author,1944,https://www.wikidata.org/wiki/Q231364
nli__nnl_archive_al997009761278705171__p0053,0,Hannah Senesh,author,1944,https://www.wikidata.org/wiki/Q231364
nli__nnl_archive_al997009761278705171__p0054,0,Hannah Senesh,author,1944,https://www.wikidata.org/wiki/Q231364
nli__nnl_archive_al997009761278705171__p0055,0,Hannah Senesh,author,1944,https://www.wikidata.org/wiki/Q231364
nli__nnl_archive_al997009761278705171__p0056,0,Hannah Senesh,author,1944,https://www.wikidata.org/wiki/Q231364
nli__nnl_archive_al997009761278705171__p0057,0,Hannah Senesh,author,1944,https://www.wikidata.org/wiki/Q231364
nli__nnl_archive_al997009761278705171__p0058,0,Hannah Senesh,author,1944,https://www.wikidata.org/wiki/Q231364
nli__nnl_archive_al997009761278705171__p0059,0,Hannah Senesh,author,1944,https://www.wikidata.org/wiki/Q231364
nli__nnl_archive_al997009761278705171__p0060,0,Hannah Senesh,author,1944,https://www.wikidata.org/wiki/Q231364
nli__nnl_archive_al997009761278705171__p0061,0,Hannah Senesh,author,1944,https://www.wikidata.org/wiki/Q231364
nli__nnl_archive_al997009761278705171__p0062,0,Hannah Senesh,author,1944,https://www.wikidata.org/wiki/Q231364
nli__nnl_archive_al997009761278705171__p0063,0,Hannah Senesh,author,1944,https://www.wikidata.org/wiki/Q231364
nli__nnl_archive_al997009761278705171__p0064,0,Hannah Senesh,author,1944,https://www.wikidata.org/wiki/Q231364
nli__nnl_archive_al997009761278705171__p0065,0,Hannah Senesh,author,1944,https://www.wikidata.org/wiki/Q231364
nli__nnl_archive_al997009761278705171__p0066,0,Hannah Senesh,author,1944,https://www.wikidata.org/wiki/Q231364
nli__nnl_archive_al997009761278705171__p0067,0,Hannah Senesh,author,1944,https://www.wikidata.org/wiki/Q231364
nli__nnl_archive_al997009761278705171__p0068,0,Hannah Senesh,author,1944,https://www.wikidata.org/wiki/Q231364
nli__nnl_archive_al997009761278705171__p0069,0,Hannah Senesh,author,1944,https://www.wikidata.org/wiki/Q231364
nli__nnl_archive_al997009761278705171__p0070,0,Hannah Senesh,author,1944,https://www.wikidata.org/wiki/Q231364
nli__nnl_archive_al997009761278705171__p0071,0,Hannah Senesh,author,1944,https://www.wikidata.org/wiki/Q231364
nli__nnl_archive_al997009761278705171__p0072,0,Hannah Senesh,author,1944,https://www.wikidata.org/wiki/Q231364
nli__nnl_archive_al997009761278705171__p0073,0,Hannah Senesh,author,1944,https://www.wikidata.org/wiki/Q231364
nli__nnl_archive_al997009761278705171__p0074,0,Hannah Senesh,author,1944,https://www.wikidata.org/wiki/Q231364
nli__nnl_archive_al997009761278705171__p0075,0,Hannah Senesh,author,1944,https://www.wikidata.org/wiki/Q231364
nli__nnl_archive_al997009761278705171__p0076,0,Hannah Senesh,author,1944,https://www.wikidata.org/wiki/Q231364
nli__nnl_archive_al997009761278705171__p0077,0,Hannah Senesh,author,1944,https://www.wikidata.org/wiki/Q231364
nli__nnl_archive_al997009761278705171__p0078,0,Hannah Senesh,author,1944,https://www.wikidata.org/wiki/Q231364
nli__nnl_archive_al997009761278705171__p0079,0,Hannah Senesh,author,1944,https://www.wikidata.org/wiki/Q231364
nli__nnl_archive_al997009761278705171__p0080,0,Hannah Senesh,author,1944,https://www.wikidata.org/wiki/Q231364
nli__nnl_archive_al997009761278705171__p0081,0,Hannah Senesh,author,1944,https://www.wikidata.org/wiki/Q231364
nli__nnl_archive_al997009761278705171__p0082,0,Hannah Senesh,author,1944,https://www.wikidata.org/wiki/Q231364
nli__nnl_archive_al997009761278705171__p0083,0,Hannah Senesh,author,1944,https://www.wikidata.org/wiki/Q231364
nli__nnl_archive_al997009761278705171__p0084,0,Hannah Senesh,author,1944,https://www.wikidata.org/wiki/Q231364
nli__nnl_archive_al997009761278705171__p0085,0,Hannah Senesh,author,1944,https://www.wikidata.org/wiki/Q231364
nli__nnl_archive_al997009761278705171__p0086,0,Hannah Senesh,author,1944,https://www.wikidata.org/wiki/Q231364
nli__nnl_archive_al997009761278705171__p0087,0,Hannah Senesh,author,1944,https://www.wikidata.org/wiki/Q231364
nli__nnl_archive_al997009761278705171__p0088,0,Hannah Senesh,author,1944,https://www.wikidata.org/wiki/Q231364
nli__nnl_archive_al997009761278705171__p0089,0,Hannah Senesh,author,1944,https://www.wikidata.org/wiki/Q231364
nli__nnl_archive_al997009761278705171__p0090,0,Hannah Senesh,author,1944,https://www.wikidata.org/wiki/Q231364
nli__nnl_archive_al997009761278705171__p0091,0,Hannah Senesh,author,1944,https://www.wikidata.org/wiki/Q231364
nli__nnl_archive_al997009761278705171__p0092,0,Hannah Senesh,author,1944,https://www.wikidata.org/wiki/Q231364
nli__nnl_archive_al997009761278705171__p0093,0,Hannah Senesh,author,1944,https://www.wikidata.org/wiki/Q231364
nli__nnl_archive_al997009761278705171__p0094,0,Hannah Senesh,author,1944,https://www.wikidata.org/wiki/Q231364
nli__nnl_archive_al997009761278705171__p0095,0,Hannah Senesh,author,1944,https://www.wikidata.org/wiki/Q231364
nli__nnl_archive_al997009761278705171__p0096,0,Hannah Senesh,author,1944,https://www.wikidata.org/wiki/Q231364
nli__nnl_archive_al997009761278705171__p0097,0,Hannah Senesh,author,1944,https://www.wikidata.org/wiki/Q231364
nli__nnl_archive_al997009761278705171__p0098,0,Hannah Senesh,author,1944,https://www.wikidata.org/wiki/Q231364
nli__nnl_archive_al997009761278705171__p0099,0,Hannah Senesh,author,1944,https://www.wikidata.org/wiki/Q231364
nli__nnl_archive_al997009761278705171__p0100,0,Hannah Senesh,author,1944,https://www.wikidata.org/wiki/Q231364
nli__nnl_archive_al997009761278705171__p0101,0,Hannah Senesh,author,1944,https://www.wikidata.org/wiki/Q231364
nli__nnl_archive_al997009761278705171__p0102,0,Hannah Senesh,author,1944,https://www.wikidata.org/wiki/Q231364
nli__nnl_archive_al997009761278705171__p0103,0,Hannah Senesh,author,1944,https://www.wikidata.org/wiki/Q231364
nli__nnl_archive_al997009761278705171__p0104,0,Hannah Senesh,author,1944,https://www.wikidata.org/wiki/Q231364
nli__nnl_archive_al997009761278705171__p0105,0,Hannah Senesh,author,1944,https://www.wikidata.org/wiki/Q231364
nli__nnl_archive_al997009761278705171__p0106,0,Hannah Senesh,author,1944,https://www.wikidata.org/wiki/Q231364
nli__nnl_archive_al997009761278705171__p0107,0,Hannah Senesh,author,1944,https://www.wikidata.org/wiki/Q231364
nli__nnl_archive_al997009761278705171__p0108,0,Hannah Senesh,author,1944,https://www.wikidata.org/wiki/Q231364
nli__nnl_archive_al997009761278705171__p0109,0,Hannah Senesh,author,1944,https://www.wikidata.org/wiki/Q231364
nli__nnl_archive_al997009761278705171__p0110,0,Hannah Senesh,author,1944,https://www.wikidata.org/wiki/Q231364
nli__nnl_archive_al997009761278705171__p0111,0,Hannah Senesh,author,1944,https://www.wikidata.org/wiki/Q231364
nli__nnl_archive_al997009831775705171__p0001,0,Hannah Senesh,author,1944,https://www.wikidata.org/wiki/Q231364
nli__nnl_archive_al997009831775705171__p0002,0,Hannah Senesh,author,1944,https://www.wikidata.org/wiki/Q231364
nli__nnl_archive_al997009831775705171__p0003,0,Hannah Senesh,author,1944,https://www.wikidata.org/wiki/Q231364
nli__nnl_archive_al997009831775705171__p0004,0,Hannah Senesh,author,1944,https://www.wikidata.org/wiki/Q231364
nli__nnl_archive_al997009912248405171__p0001,0,Hannah Senesh,author,1944,https://www.wikidata.org/wiki/Q231364
nli__nnl_archive_al997009912248405171__p0002,0,Hannah Senesh,author,1944,https://www.wikidata.org/wiki/Q231364
nli__nnl_archive_al997009912248405171__p0003,0,Hannah Senesh,author,1944,https://www.wikidata.org/wiki/Q231364
nli__nnl_archive_al997009912248405171__p0004,0,Hannah Senesh,author,1944,https://www.wikidata.org/wiki/Q231364
nli__nnl_archive_al997009912248405171__p0005,0,Hannah Senesh,author,1944,https://www.wikidata.org/wiki/Q231364
nli__nnl_archive_al997009912248405171__p0006,0,Hannah Senesh,author,1944,https://www.wikidata.org/wiki/Q231364
nli__nnl_archive_al997009912248405171__p0007,0,Hannah Senesh,author,1944,https://www.wikidata.org/wiki/Q231364
nli__nnl_archive_al997009912248405171__p0008,0,Hannah Senesh,author,1944,https://www.wikidata.org/wiki/Q231364
nli__nnl_archive_al997009912248405171__p0009,0,Hannah Senesh,author,1944,https://www.wikidata.org/wiki/Q231364
nli__nnl_archive_al997009912248405171__p0010,0,Hannah Senesh,author,1944,https://www.wikidata.org/wiki/Q231364
nli__nnl_archive_al997009912248405171__p0011,0,Hannah Senesh,author,1944,https://www.wikidata.org/wiki/Q231364
nli__nnl_archive_al997009912248405171__p0012,0,Hannah Senesh,author,1944,https://www.wikidata.org/wiki/Q231364
nli__nnl_archive_al997009912248405171__p0013,0,Hannah Senesh,author,1944,https://www.wikidata.org/wiki/Q231364
nli__nnl_archive_al997009912248405171__p0014,0,Hannah Senesh,author,1944,https://www.wikidata.org/wiki/Q231364
nli__nnl_archive_al997009912248405171__p0015,0,Hannah Senesh,author,1944,https://www.wikidata.org/wiki/Q231364
nli__nnl_archive_al997009912248405171__p0016,0,Hannah Senesh,author,1944,https://www.wikidata.org/wiki/Q231364
nli__nnl_archive_al997009912248405171__p0017,0,Hannah Senesh,author,1944,https://www.wikidata.org/wiki/Q231364
nli__nnl_archive_al997009912248405171__p0018,0,Hannah Senesh,author,1944,https://www.wikidata.org/wiki/Q231364
nli__nnl_archive_al997009912248405171__p0019,0,Hannah Senesh,author,1944,https://www.wikidata.org/wiki/Q231364
nli__nnl_archive_al997009912248405171__p0020,0,Hannah Senesh,author,1944,https://www.wikidata.org/wiki/Q231364
nli__nnl_archive_al997009912248405171__p0021,0,Hannah Senesh,author,1944,https://www.wikidata.org/wiki/Q231364
nli__nnl_archive_al997009912248505171__p0001,0,Hannah Senesh,author,1944,https://www.wikidata.org/wiki/Q231364
nli__nnl_archive_al997009912248505171__p0002,0,Hannah Senesh,author,1944,https://www.wikidata.org/wiki/Q231364
nli__nnl_archive_al997009912248505171__p0003,0,Hannah Senesh,author,1944,https://www.wikidata.org/wiki/Q231364
nli__nnl_archive_al997009912248505171__p0004,0,Hannah Senesh,author,1944,https://www.wikidata.org/wiki/Q231364
nli__nnl_archive_al997009912248505171__p0005,0,Hannah Senesh,author,1944,https://www.wikidata.org/wiki/Q231364
nli__nnl_archive_al997009912248505171__p0006,0,Hannah Senesh,author,1944,https://www.wikidata.org/wiki/Q231364
nli__nnl_archive_al997009912248505171__p0007,0,Hannah Senesh,author,1944,https://www.wikidata.org/wiki/Q231364
nli__nnl_archive_al997009912248505171__p0008,0,Hannah Senesh,author,1944,https://www.wikidata.org/wiki/Q231364
nli__nnl_archive_al997009912248505171__p0009,0,Hannah Senesh,author,1944,https://www.wikidata.org/wiki/Q231364
nli__nnl_archive_al997009912248505171__p0010,0,Hannah Senesh,author,1944,https://www.wikidata.org/wiki/Q231364
nli__nnl_archive_al997009912248505171__p0011,0,Hannah Senesh,author,1944,https://www.wikidata.org/wiki/Q231364
nli__nnl_archive_al997009912248505171__p0012,0,Hannah Senesh,author,1944,https://www.wikidata.org/wiki/Q231364
nli__nnl_archive_al997009912248505171__p0013,0,Hannah Senesh,author,1944,https://www.wikidata.org/wiki/Q231364
nli__nnl_archive_al997009912248505171__p0014,0,Hannah Senesh,author,1944,https://www.wikidata.org/wiki/Q231364
nli__nnl_archive_al997009912248505171__p0015,0,Hannah Senesh,author,1944,https://www.wikidata.org/wiki/Q231364
nli__nnl_archive_al997009912248505171__p0016,0,Hannah Senesh,author,1944,https://www.wikidata.org/wiki/Q231364
nli__nnl_archive_al997009912248505171__p0017,0,Hannah Senesh,author,1944,https://www.wikidata.org/wiki/Q231364
nli__nnl_archive_al997009912248505171__p0018,0,Hannah Senesh,author,1944,https://www.wikidata.org/wiki/Q231364
nli__nnl_archive_al997009912248505171__p0019,0,Hannah Senesh,author,1944,https://www.wikidata.org/wiki/Q231364
nli__nnl_archive_al997009912248505171__p0020,0,Hannah Senesh,author,1944,https://www.wikidata.org/wiki/Q231364
nli__nnl_archive_al997009912248505171__p0021,0,Hannah Senesh,author,1944,https://www.wikidata.org/wiki/Q231364
nli__nnl_archive_al997009912248505171__p0022,0,Hannah Senesh,author,1944,https://www.wikidata.org/wiki/Q231364
nli__nnl_archive_al997009912248505171__p0023,0,Hannah Senesh,author,1944,https://www.wikidata.org/wiki/Q231364
nli__nnl_archive_al997009912248505171__p0024,0,Hannah Senesh,author,1944,https://www.wikidata.org/wiki/Q231364
nli__nnl_archive_al997009912248505171__p0025,0,Hannah Senesh,author,1944,https://www.wikidata.org/wiki/Q231364
nli__nnl_archive_al997009912248505171__p0026,0,Hannah Senesh,author,1944,https://www.wikidata.org/wiki/Q231364
nli__nnl_archive_al997009912248505171__p0027,0,Hannah Senesh,author,1944,https://www.wikidata.org/wiki/Q231364
nli__nnl_archive_al997009912248505171__p0028,0,Hannah Senesh,author,1944,https://www.wikidata.org/wiki/Q231364
nli__nnl_archive_al997009912248505171__p0029,0,Hannah Senesh,author,1944,https://www.wikidata.org/wiki/Q231364
nli__nnl_archive_al997009912248505171__p0030,0,Hannah Senesh,author,1944,https://www.wikidata.org/wiki/Q231364
nli__nnl_archive_al997009912248505171__p0031,0,Hannah Senesh,author,1944,https://www.wikidata.org/wiki/Q231364
nli__nnl_archive_al997009912248505171__p0032,0,Hannah Senesh,author,1944,https://www.wikidata.org/wiki/Q231364
nli__nnl_archive_al997009912248505171__p0033,0,Hannah Senesh,author,1944,https://www.wikidata.org/wiki/Q231364
nli__nnl_archive_al997009912248505171__p0034,0,Hannah Senesh,author,1944,https://www.wikidata.org/wiki/Q231364
nli__nnl_archive_al997009912248505171__p0035,0,Hannah Senesh,author,1944,https://www.wikidata.org/wiki/Q231364
nli__nnl_archive_al997009912248505171__p0036,0,Hannah Senesh,author,1944,https://www.wikidata.org/wiki/Q231364
nli__nnl_archive_al997009912248505171__p0037,0,Hannah Senesh,author,1944,https://www.wikidata.org/wiki/Q231364
nli__nnl_archive_al997009912248505171__p0038,0,Hannah Senesh,author,1944,https://www.wikidata.org/wiki/Q231364
nli__nnl_archive_al997009912248505171__p0039,0,Hannah Senesh,author,1944,https://www.wikidata.org/wiki/Q231364
nli__nnl_archive_al997009912248505171__p0040,0,Hannah Senesh,author,1944,https://www.wikidata.org/wiki/Q231364
nli__nnl_archive_al997009912248505171__p0041,0,Hannah Senesh,author,1944,https://www.wikidata.org/wiki/Q231364
nli__nnl_archive_al997009912248505171__p0042,0,Hannah Senesh,author,1944,https://www.wikidata.org/wiki/Q231364
nli__nnl_archive_al997009912248505171__p0043,0,Hannah Senesh,author,1944,https://www.wikidata.org/wiki/Q231364
nli__nnl_archive_al997009912248505171__p0044,0,Hannah Senesh,author,1944,https://www.wikidata.org/wiki/Q231364
nli__nnl_archive_al997009912248505171__p0045,0,Hannah Senesh,author,1944,https://www.wikidata.org/wiki/Q231364
nli__nnl_archive_al997009912248505171__p0046,0,Hannah Senesh,author,1944,https://www.wikidata.org/wiki/Q231364
nli__nnl_archive_al997009912248505171__p0047,0,Hannah Senesh,author,1944,https://www.wikidata.org/wiki/Q231364
nli__nnl_archive_al997009912248505171__p0048,0,Hannah Senesh,author,1944,https://www.wikidata.org/wiki/Q231364
nli__nnl_archive_al997009912248505171__p0049,0,Hannah Senesh,author,1944,https://www.wikidata.org/wiki/Q231364
nli__nnl_archive_al997009912248505171__p0050,0,Hannah Senesh,author,1944,https://www.wikidata.org/wiki/Q231364
nli__nnl_archive_al997009912248505171__p0051,0,Hannah Senesh,author,1944,https://www.wikidata.org/wiki/Q231364
nli__nnl_archive_al997009912248505171__p0052,0,Hannah Senesh,author,1944,https://www.wikidata.org/wiki/Q231364
nli__nnl_archive_al997009912248505171__p0053,0,Hannah Senesh,author,1944,https://www.wikidata.org/wiki/Q231364
nli__nnl_archive_al997009912248505171__p0054,0,Hannah Senesh,author,1944,https://www.wikidata.org/wiki/Q231364
nli__nnl_archive_al997009912248505171__p0055,0,Hannah Senesh,author,1944,https://www.wikidata.org/wiki/Q231364
nli__nnl_archive_al997009912248505171__p0056,0,Hannah Senesh,author,1944,https://www.wikidata.org/wiki/Q231364
nli__nnl_archive_al997009912248505171__p0057,0,Hannah Senesh,author,1944,https://www.wikidata.org/wiki/Q231364
nli__nnl_archive_al997009912248505171__p0058,0,Hannah Senesh,author,1944,https://www.wikidata.org/wiki/Q231364
nli__nnl_archive_al997009912248505171__p0059,0,Hannah Senesh,author,1944,https://www.wikidata.org/wiki/Q231364
nli__nnl_archive_al997009912248505171__p0060,0,Hannah Senesh,author,1944,https://www.wikidata.org/wiki/Q231364
nli__nnl_archive_al997009912248505171__p0061,0,Hannah Senesh,author,1944,https://www.wikidata.org/wiki/Q231364
nli__nnl_archive_al997009912248505171__p0062,0,Hannah Senesh,author,1944,https://www.wikidata.org/wiki/Q231364
nli__nnl_archive_al997009912248505171__p0063,0,Hannah Senesh,author,1944,https://www.wikidata.org/wiki/Q231364
nli__nnl_archive_al997009912248505171__p0064,0,Hannah Senesh,author,1944,https://www.wikidata.org/wiki/Q231364
nli__nnl_archive_al997009912248505171__p0065,0,Hannah Senesh,author,1944,https://www.wikidata.org/wiki/Q231364
nli__nnl_archive_al997009912248505171__p0066,0,Hannah Senesh,author,1944,https://www.wikidata.org/wiki/Q231364
nli__nnl_archive_al997009912248505171__p0067,0,Hannah Senesh,author,1944,https://www.wikidata.org/wiki/Q231364
nli__nnl_archive_al997009912248505171__p0068,0,Hannah Senesh,author,1944,https://www.wikidata.org/wiki/Q231364
nli__nnl_archive_al997009912248505171__p0069,0,Hannah Senesh,author,1944,https://www.wikidata.org/wiki/Q231364
nli__nnl_archive_al997009912248505171__p0070,0,Hannah Senesh,author,1944,https://www.wikidata.org/wiki/Q231364
nli__nnl_archive_al997009912248505171__p0071,0,Hannah Senesh,author,1944,https://www.wikidata.org/wiki/Q231364
nli__nnl_archive_al997009912248505171__p0072,0,Hannah Senesh,author,1944,https://www.wikidata.org/wiki/Q231364
nli__nnl_archive_al997009912248505171__p0073,0,Hannah Senesh,author,1944,https://www.wikidata.org/wiki/Q231364
nli__nnl_archive_al997009912248505171__p0074,0,Hannah Senesh,author,1944,https://www.wikidata.org/wiki/Q231364
nli__nnl_archive_al997009912248505171__p0075,0,Hannah Senesh,author,1944,https://www.wikidata.org/wiki/Q231364
nli__nnl_archive_al997009912248505171__p0076,0,Hannah Senesh,author,1944,https://www.wikidata.org/wiki/Q231364
nli__nnl_archive_al997009912248505171__p0077,0,Hannah Senesh,author,1944,https://www.wikidata.org/wiki/Q231364
nli__nnl_archive_al997009912248505171__p0078,0,Hannah Senesh,author,1944,https://www.wikidata.org/wiki/Q231364
nli__nnl_archive_al997009912248505171__p0079,0,Hannah Senesh,author,1944,https://www.wikidata.org/wiki/Q231364
nli__nnl_archive_al997009912248505171__p0080,0,Hannah Senesh,author,1944,https://www.wikidata.org/wiki/Q231364
nli__nnl_archive_al997009912248505171__p0081,0,Hannah Senesh,author,1944,https://www.wikidata.org/wiki/Q231364
nli__nnl_archive_al997009912248505171__p0082,0,Hannah Senesh,author,1944,https://www.wikidata.org/wiki/Q231364
nli__nnl_archive_al997009912248505171__p0083,0,Hannah Senesh,author,1944,https://www.wikidata.org/wiki/Q231364
nli__nnl_archive_al997009912248505171__p0084,0,Hannah Senesh,author,1944,https://www.wikidata.org/wiki/Q231364
nli__nnl_archive_al997009912248505171__p0085,0,Hannah Senesh,author,1944,https://www.wikidata.org/wiki/Q231364
nli__nnl_archive_al997009912248505171__p0086,0,Hannah Senesh,author,1944,https://www.wikidata.org/wiki/Q231364
nli__nnl_archive_al997009912248505171__p0087,0,Hannah Senesh,author,1944,https://www.wikidata.org/wiki/Q231364
nli__nnl_archive_al997009912248505171__p0088,0,Hannah Senesh,author,1944,https://www.wikidata.org/wiki/Q231364
nli__nnl_archive_al997009912248505171__p0089,0,Hannah Senesh,author,1944,https://www.wikidata.org/wiki/Q231364
nli__nnl_archive_al997009912248505171__p0090,0,Hannah Senesh,author,1944,https://www.wikidata.org/wiki/Q231364
nli__nnl_archive_al997009912248705171__p0002,0,Hannah Senesh,author,1944,https://www.wikidata.org/wiki/Q231364
nli__nnl_archive_al997009912248705171__p0047,0,Hannah Senesh,author,1944,https://www.wikidata.org/wiki/Q231364
nli__nnl_archive_al997009912248705171__p0048,0,Hannah Senesh,author,1944,https://www.wikidata.org/wiki/Q231364
nli__nnl_archive_al997009912248705171__p0049,0,Hannah Senesh,author,1944,https://www.wikidata.org/wiki/Q231364
nli__nnl_archive_al997009912248705171__p0050,0,Hannah Senesh,author,1944,https://www.wikidata.org/wiki/Q231364
nli__nnl_archive_al997009912248705171__p0051,0,Hannah Senesh,author,1944,https://www.wikidata.org/wiki/Q231364
nli__nnl_archive_al997009912248705171__p0052,0,Hannah Senesh,author,1944,https://www.wikidata.org/wiki/Q231364
nli__nnl_archive_al997009912248705171__p0053,0,Hannah Senesh,author,1944,https://www.wikidata.org/wiki/Q231364
nli__nnl_archive_al997009912248705171__p0054,0,Hannah Senesh,author,1944,https://www.wikidata.org/wiki/Q231364
nli__nnl_archive_al997009912248705171__p0056,0,Hannah Senesh,author,1944,https://www.wikidata.org/wiki/Q231364
nli__nnl_archive_al997009912248705171__p0057,0,Hannah Senesh,author,1944,https://www.wikidata.org/wiki/Q231364
nli__nnl_archive_al997009912248705171__p0059,0,Hannah Senesh,author,1944,https://www.wikidata.org/wiki/Q231364
nli__nnl_archive_al997009912248705171__p0060,0,Hannah Senesh,author,1944,https://www.wikidata.org/wiki/Q231364
nli__nnl_archive_al997009912248705171__p0061,0,Hannah Senesh,author,1944,https://www.wikidata.org/wiki/Q231364
nli__nnl_archive_al997009912248705171__p0062,0,Hannah Senesh,author,1944,https://www.wikidata.org/wiki/Q231364
nli__nnl_archive_al997009912248705171__p0066,0,Hannah Senesh,author,1944,https://www.wikidata.org/wiki/Q231364
nli__nnl_archive_al997009912248705171__p0067,0,Hannah Senesh,author,1944,https://www.wikidata.org/wiki/Q231364
nli__nnl_archive_al997009912248705171__p0069,0,Hannah Senesh,author,1944,https://www.wikidata.org/wiki/Q231364
nli__nnl_archive_al997009912248705171__p0071,0,Hannah Senesh,author,1944,https://www.wikidata.org/wiki/Q231364
nli__nnl_archive_al997009912248705171__p0072,0,Hannah Senesh,author,1944,https://www.wikidata.org/wiki/Q231364
nli__nnl_archive_al997009912248705171__p0074,0,Hannah Senesh,author,1944,https://www.wikidata.org/wiki/Q231364
nli__nnl_archive_al997009912248705171__p0075,0,Hannah Senesh,author,1944,https://www.wikidata.org/wiki/Q231364
nli__nnl_archive_al997009912248705171__p0076,0,Hannah Senesh,author,1944,https://www.wikidata.org/wiki/Q231364
nli__nnl_archive_al997009912248705171__p0077,0,Hannah Senesh,author,1944,https://www.wikidata.org/wiki/Q231364
nli__nnl_archive_al997009912248705171__p0078,0,Hannah Senesh,author,1944,https://www.wikidata.org/wiki/Q231364
nli__nnl_archive_al997009912248705171__p0079,0,Hannah Senesh,author,1944,https://www.wikidata.org/wiki/Q231364
nli__nnl_archive_al997009912248705171__p0080,0,Hannah Senesh,author,1944,https://www.wikidata.org/wiki/Q231364
nli__nnl_archive_al997009912248705171__p0081,0,Hannah Senesh,author,1944,https://www.wikidata.org/wiki/Q231364
nli__nnl_archive_al997009912248705171__p0082,0,Hannah Senesh,author,1944,https://www.wikidata.org/wiki/Q231364
nli__nnl_archive_al997009912248705171__p0083,0,Hannah Senesh,author,1944,https://www.wikidata.org/wiki/Q231364
nli__nnl_archive_al997009912248705171__p0084,0,Hannah Senesh,author,1944,https://www.wikidata.org/wiki/Q231364
nli__nnl_archive_al997009912248705171__p0085,0,Hannah Senesh,author,1944,https://www.wikidata.org/wiki/Q231364
nli__nnl_archive_al997009912248705171__p0086,0,Hannah Senesh,author,1944,https://www.wikidata.org/wiki/Q231364
nli__nnl_archive_al997009912248705171__p0087,0,Hannah Senesh,author,1944,https://www.wikidata.org/wiki/Q231364
nli__nnl_archive_al997009912248705171__p0088,0,Hannah Senesh,author,1944,https://www.wikidata.org/wiki/Q231364
nli__nnl_archive_al997009912248705171__p0089,0,Hannah Senesh,author,1944,https://www.wikidata.org/wiki/Q231364
nli__nnl_archive_al997009912248705171__p0090,0,Hannah Senesh,author,1944,https://www.wikidata.org/wiki/Q231364
nli__nnl_archive_al997009912248705171__p0091,0,Hannah Senesh,author,1944,https://www.wikidata.org/wiki/Q231364
nli__nnl_archive_al997009912248705171__p0092,0,Hannah Senesh,author,1944,https://www.wikidata.org/wiki/Q231364
nli__nnl_archive_al997009912248705171__p0093,0,Hannah Senesh,author,1944,https://www.wikidata.org/wiki/Q231364
nli__nnl_archive_al997009912248705171__p0094,0,Hannah Senesh,author,1944,https://www.wikidata.org/wiki/Q231364
nli__nnl_archive_al997009912248705171__p0095,0,Hannah Senesh,author,1944,https://www.wikidata.org/wiki/Q231364
nli__nnl_archive_al997009912248705171__p0096,0,Hannah Senesh,author,1944,https://www.wikidata.org/wiki/Q231364
nli__nnl_archive_al997009912248705171__p0097,0,Hannah Senesh,author,1944,https://www.wikidata.org/wiki/Q231364
nli__nnl_archive_al997009912248705171__p0098,0,Hannah Senesh,author,1944,https://www.wikidata.org/wiki/Q231364
nli__nnl_archive_al997009912248705171__p0099,0,Hannah Senesh,author,1944,https://www.wikidata.org/wiki/Q231364
nli__nnl_archive_al997009912248705171__p0100,0,Hannah Senesh,author,1944,https://www.wikidata.org/wiki/Q231364
nli__nnl_archive_al997009912248705171__p0101,0,Hannah Senesh,author,1944,https://www.wikidata.org/wiki/Q231364
wikimedia__handwritten_hebrew_letters__p0001,0,Jamila Buzaglo,author,,
wikimedia__handwritten_hebrew_letters__p0002,0,Unknown,unknown,,
