entry_id,source_id,source_record_id,sequence_index,sequence_label,sequence_physical_unit_count,title,creator_count,date_created,date_created_precision,accessed_at,languages,script,document_type,handwriting_extent,handwriting_hebrew_extent,handwriting_notes,file_count,file_role,file_local_path,file_source_url,file_provider_file_id,file_sha256,file_mime_type,file_bytes,file_width_px,file_height_px,rights_basis,license_expression,commercial_use_allowed,derivatives_allowed,scan_redistribution_allowed,attribution_required,attribution_text,attribution_url,rights_verification_status,rights_evidence_text,rights_verified_at,provenance_acquired_at,provenance_acquired_by,provenance_source_landing_url,provenance_notes,holding_institution,holding_shelfmark,quality_usable_for_htr,quality_legibility,quality_exclusion_reasons,quality_notes,transcription_status,transcription_text_path,transcription_alto_path,transcription_hocr_path,transcription_source_url,transcription_created_by,transcription_rights_basis,transcription_license_expression,transcription_commercial_use_allowed,transcription_derivatives_allowed,transcription_redistribution_allowed,transcription_attribution_required,transcription_rights_verification_status,transcription_rights_evidence_text,transcription_rights_verified_at
commons__begani_netatikha__p0001,commons__begani_netatikha,File:BeGani Netatikha.jpg,1,1,1,"BeGani Netatikha handwritten manuscript, page 1",1,1930,year,2026-05-09,he,Hebr,poem,full_page,full_page,Hebrew-language poem manuscript written in Hebrew script.,1,original,data/scans/commons__begani_netatikha/commons__begani_netatikha__p0001.jpg,https://upload.wikimedia.org/wikipedia/commons/6/6e/BeGani_Netatikha.jpg,File:BeGani Netatikha.jpg,8e59f73f0d06cd34e6b3b629c5a7619f6a7383a52d0d49ae8080fa6453023ad8,image/jpeg,32061,391,451,public_domain,PDM-1.0,true,true,true,false,,,primary_page_checked,Commons marks the scan and original as public domain and identifies the file as free of known copyright restrictions.,2026-05-09,2026-05-09T04:56:39Z,codex,https://commons.wikimedia.org/wiki/File:BeGani_Netatikha.jpg,Downloaded original Commons JPEG after checking the file page summary and licensing sections.,,,true,high,,"Small single-page scan, but the handwritten Hebrew text is visible and suitable as a seed entry.",none,,,,,unknown,unknown,,,,,,unverified,,
commons__bialik_el_hazippor__p0001,commons__bialik_el_hazippor,File:El hazippor.jpg,1,1,1,Bialik handwritten manuscript: 'El Ha-Tzippor' (1892),1,1892,year,2026-05-09,he,Hebr,poem,full_page,full_page,Handwritten Hebrew poem manuscript by Bialik; 19th-century European Hebrew cursive.,1,original,data/scans/commons__bialik_el_hazippor/commons__bialik_el_hazippor__p0001.jpg,https://upload.wikimedia.org/wikipedia/commons/9/9a/El_hazippor.jpg,File:El hazippor.jpg,bdd6f1a3b9f8821bbca0c0c836eebf3914a335f816662f1a7f0c4495e45e624e,image/jpeg,31657,409,253,public_domain,PDM-1.0,true,true,true,false,,,primary_page_checked,This work is in the public domain in its country of origin and other countries and areas where the copyright term is the author's life plus 70 years or fewer.,2026-05-09,2026-05-09T10:37:00Z,claude-code,,Downloaded original Commons JPEG via upload.wikimedia.org.,,,true,medium,,Small image (409x253); 19th-century hand differs from modern Israeli cursive.,none,,,,,unknown,unknown,,,,,,unverified,,
commons__bialik_letter_safed_1927__p0001,commons__bialik_letter_safed_1927,File:מכתב ביאליק למוסדות בירושלים לאחר שהותו בשפיה ושירו לבנות שפיה 1927 - btm3552.jpeg,1,1,1,"Bialik letter to Jerusalem institutions about Safed initiative, page 1 (1927)",1,1927,year,2026-05-09,he,Hebr,letter,full_page,full_page,"Handwritten Hebrew letter (page 1 of 3), Bialik's hand.",1,original,data/scans/commons__bialik_letter_safed_1927/commons__bialik_letter_safed_1927__p0001.jpeg,https://upload.wikimedia.org/wikipedia/commons/7/77/%D7%9E%D7%9B%D7%AA%D7%91_%D7%91%D7%99%D7%90%D7%9C%D7%99%D7%A7_%D7%9C%D7%9E%D7%95%D7%A1%D7%93%D7%95%D7%AA_%D7%91%D7%99%D7%A8%D7%95%D7%A9%D7%9C%D7%99%D7%9D_%D7%9C%D7%90%D7%97%D7%A8_%D7%A9%D7%94%D7%95%D7%AA%D7%95_%D7%91%D7%A9%D7%A4%D7%99%D7%94_%D7%95%D7%A9%D7%99%D7%A8%D7%95_%D7%9C%D7%91%D7%A0%D7%95%D7%AA_%D7%A9%D7%A4%D7%99%D7%94_1927_-_btm3552.jpeg,File:מכתב ביאליק למוסדות בירושלים לאחר שהותו בשפיה ושירו לבנות שפיה 1927 - btm3552.jpeg,e5c4deb0cb04e2e5ac3566c7752c9e57bb7f1a16bdd929a105d59b2828d7af64,image/jpeg,84205,355,453,public_domain,LicenseRef-Public-Domain-Israel,true,true,true,false,,,primary_page_checked,This work or image is now in the public domain because its term of copyright has expired in Israel.,2026-05-09,2026-05-09T10:37:00Z,claude-code,,Downloaded original Commons JPEG via upload.wikimedia.org; Bitmuna Archive upload supported by Wikimedia Israel.,,,true,medium,,Low-resolution scan (355x453); handwriting is legible but small.,none,,,,,unknown,unknown,,,,,,unverified,,
commons__bialik_letter_safed_1927__p0002,commons__bialik_letter_safed_1927,File:מכתב ביאליק למוסדות בירושלים לאחר שהותו בשפיה ושירו לבנות שפיה 1927 - btm3553.jpeg,2,2,1,"Bialik letter to Jerusalem institutions about Safed initiative, page 2 (1927)",1,1927,year,2026-05-09,he,Hebr,letter,full_page,full_page,"Handwritten Hebrew letter (page 2 of 3), Bialik's hand.",1,original,data/scans/commons__bialik_letter_safed_1927/commons__bialik_letter_safed_1927__p0002.jpeg,https://upload.wikimedia.org/wikipedia/commons/d/dd/%D7%9E%D7%9B%D7%AA%D7%91_%D7%91%D7%99%D7%90%D7%9C%D7%99%D7%A7_%D7%9C%D7%9E%D7%95%D7%A1%D7%93%D7%95%D7%AA_%D7%91%D7%99%D7%A8%D7%95%D7%A9%D7%9C%D7%99%D7%9D_%D7%9C%D7%90%D7%97%D7%A8_%D7%A9%D7%94%D7%95%D7%AA%D7%95_%D7%91%D7%A9%D7%A4%D7%99%D7%94_%D7%95%D7%A9%D7%99%D7%A8%D7%95_%D7%9C%D7%91%D7%A0%D7%95%D7%AA_%D7%A9%D7%A4%D7%99%D7%94_1927_-_btm3553.jpeg,File:מכתב ביאליק למוסדות בירושלים לאחר שהותו בשפיה ושירו לבנות שפיה 1927 - btm3553.jpeg,bfda1a98bb2f4969c9fbb8213bde782f9121900891c53e1670ffe274b29e936d,image/jpeg,79711,356,453,public_domain,LicenseRef-Public-Domain-Israel,true,true,true,false,,,primary_page_checked,This work or image is now in the public domain because its term of copyright has expired in Israel.,2026-05-09,2026-05-09T10:37:00Z,claude-code,,Downloaded original Commons JPEG via upload.wikimedia.org; Bitmuna Archive upload supported by Wikimedia Israel.,,,true,medium,,Low-resolution scan (356x453); handwriting is legible but small.,none,,,,,unknown,unknown,,,,,,unverified,,
commons__bialik_letter_safed_1927__p0003,commons__bialik_letter_safed_1927,File:מכתב ביאליק למוסדות בירושלים לאחר שהותו בשפיה ושירו לבנות שפיה 1927 - btm3554.jpeg,3,3,1,"Bialik letter to Jerusalem institutions about Safed initiative, page 3 (1927)",1,1927,year,2026-05-11,he,Hebr,letter,full_page,full_page,"Handwritten Hebrew letter (page 3 of 3), Bialik's hand.",1,original,data/scans/commons__bialik_letter_safed_1927/commons__bialik_letter_safed_1927__p0003.jpeg,https://upload.wikimedia.org/wikipedia/commons/d/d6/%D7%9E%D7%9B%D7%AA%D7%91_%D7%91%D7%99%D7%90%D7%9C%D7%99%D7%A7_%D7%9C%D7%9E%D7%95%D7%A1%D7%93%D7%95%D7%AA_%D7%91%D7%99%D7%A8%D7%95%D7%A9%D7%9C%D7%99%D7%9D_%D7%9C%D7%90%D7%97%D7%A8_%D7%A9%D7%94%D7%95%D7%AA%D7%95_%D7%91%D7%A9%D7%A4%D7%99%D7%94_%D7%95%D7%A9%D7%99%D7%A8%D7%95_%D7%9C%D7%91%D7%A0%D7%95%D7%AA_%D7%A9%D7%A4%D7%99%D7%94_1927_-_btm3554.jpeg,File:מכתב ביאליק למוסדות בירושלים לאחר שהותו בשפיה ושירו לבנות שפיה 1927 - btm3554.jpeg,543e792102f34261f872efb2b01a85ebf06722bcb9f1acf89abe2d61ded91515,image/jpeg,75939,403,453,public_domain,LicenseRef-Public-Domain-Israel,true,true,true,false,,,primary_page_checked,This work or image is now in the public domain because its term of copyright has expired in Israel.,2026-05-11,2026-05-11T12:04:00Z,claude-code,,Downloaded original Commons JPEG via upload.wikimedia.org; Bitmuna Archive upload supported by Wikimedia Israel.,,,true,medium,,Low-resolution scan (403x453); handwriting legible but small.,none,,,,,unknown,unknown,,,,,,unverified,,
commons__blazer_letter_grayevsky_1905__p0001,commons__blazer_letter_grayevsky_1905,File:מכתב שבחים של יצחק בלאזר לרב יעקב אשר הלוי גרייבסקי.jpg,1,1,1,Yitzchak Blazer letter of commendation to Rabbi Y. A. Grayevsky (4 May 1905),1,1905-05-04,day,2026-05-11,he,Hebr,letter,full_page,full_page,Handwritten Hebrew letter of commendation; Lithuanian-Mussar cursive.,1,original,data/scans/commons__blazer_letter_grayevsky_1905/commons__blazer_letter_grayevsky_1905__p0001.jpg,https://upload.wikimedia.org/wikipedia/commons/6/66/%D7%9E%D7%9B%D7%AA%D7%91_%D7%A9%D7%91%D7%97%D7%99%D7%9D_%D7%A9%D7%9C_%D7%99%D7%A6%D7%97%D7%A7_%D7%91%D7%9C%D7%90%D7%96%D7%A8_%D7%9C%D7%A8%D7%91_%D7%99%D7%A2%D7%A7%D7%91_%D7%90%D7%A9%D7%A8_%D7%94%D7%9C%D7%95%D7%99_%D7%92%D7%A8%D7%99%D7%99%D7%91%D7%A1%D7%A7%D7%99.jpg,File:מכתב שבחים של יצחק בלאזר לרב יעקב אשר הלוי גרייבסקי.jpg,86c3dbace00eaeb2f3a3acca3ef0a6446fc17144a4b0608dffecd1c32ec68027,image/jpeg,98222,479,749,public_domain,PDM-1.0,true,true,true,false,,,primary_page_checked,"The author died in 1907, so this work is in the public domain in its country of origin and other countries where the copyright term is the author's life plus 100 years or fewer.",2026-05-11,2026-05-11T12:04:00Z,claude-code,,Downloaded original Commons JPEG via upload.wikimedia.org; Yad Ben Zvi provenance.,,,true,high,,Medium resolution (479x749).,none,,,,,unknown,unknown,,,,,,unverified,,
commons__bodleian_geniza_ms_heb_d_41_4b__p0001,commons__bodleian_geniza_ms_heb_d_41_4b,File:MS_HEB_d_41_4b_(2).jpg,1,1,1,"Cairo Geniza leaf, Bodleian MS Heb. d. 41, fol. 4b",1,10th-12th century,range,2026-05-11,he,Hebr,notebook,full_page,full_page,Recto-verso codex leaf of unbroken Hebrew text; medieval oriental cursive.,1,original,data/scans/commons__bodleian_geniza_ms_heb_d_41_4b/commons__bodleian_geniza_ms_heb_d_41_4b__p0001.jpg,https://upload.wikimedia.org/wikipedia/commons/4/47/MS_HEB_d_41_4b_%282%29.jpg,File:MS_HEB_d_41_4b_(2).jpg,923d29d60a9511ce8a40e06d6eff02a6203edf119d431c8f30189f8a1dba2894,image/jpeg,2586412,4065,2088,public_domain,PDM-1.0,true,true,true,false,,,primary_page_checked,This work is in the public domain in its country of origin and other countries and areas where the copyright term is the author's life plus 70 years or fewer.,2026-05-11,2026-05-11T08:30:00Z,claude,https://commons.wikimedia.org/wiki/File:MS_HEB_d_41_4b_(2).jpg,Downloaded the original Commons image and read the license template on its file page; verbatim license sentence stored in rights.evidence_text.,Bodleian Libraries,"MS Heb. d. 41, fol. 4b",true,high,,High-resolution colour scan (4065×2088) of a Bodleian Geniza folio.,none,,,,,unknown,unknown,,,,,,unverified,,
commons__bodleian_geniza_ms_heb_e_39_78b__p0001,commons__bodleian_geniza_ms_heb_e_39_78b,File:Ms._Heb._e._39.78b.jpg,1,1,1,"Cairo Geniza leaf, Bodleian MS Heb. e. 39, fol. 78b",1,10th-12th century,range,2026-05-11,he,Hebr,notebook,full_page,full_page,Medieval Hebrew codex leaf; running text with display lines at top.,1,original,data/scans/commons__bodleian_geniza_ms_heb_e_39_78b/commons__bodleian_geniza_ms_heb_e_39_78b__p0001.jpg,https://upload.wikimedia.org/wikipedia/commons/0/0b/Ms._Heb._e._39.78b.jpg,File:Ms._Heb._e._39.78b.jpg,e0a7c719d761393aa3548a21c6e1b7b0910c73f3bd9fbcd757f8dfb2d69acef6,image/jpeg,4094931,3293,4385,public_domain,PDM-1.0,true,true,true,false,,,primary_page_checked,This work is in the public domain in its country of origin and other countries and areas where the copyright term is the author's life plus 70 years or fewer.,2026-05-11,2026-05-11T08:30:02Z,claude,https://commons.wikimedia.org/wiki/File:Ms._Heb._e._39.78b.jpg,Downloaded the original Commons image and read the license template on its file page; verbatim license sentence stored in rights.evidence_text.,Bodleian Libraries,"MS Heb. e. 39, fol. 78b",true,medium,,Large colour scan (3293×4385) of a Bodleian Geniza folio.,none,,,,,unknown,unknown,,,,,,unverified,,
commons__chaim_berlin_halachic_response_1894__p0001,commons__chaim_berlin_halachic_response_1894,File:Halachic response of Chaim Berlin. 1894.jpg,1,1,1,Halachic response of Chaim Berlin (1894),2,1894,year,2026-05-09,he,Hebr,draft,full_page,full_page,Handwritten Hebrew responsum draft in two hands (Berlin and Jerusalimski).,1,original,data/scans/commons__chaim_berlin_halachic_response_1894/commons__chaim_berlin_halachic_response_1894__p0001.jpg,https://upload.wikimedia.org/wikipedia/commons/6/66/Halachic_response_of_Chaim_Berlin._1894.jpg,File:Halachic response of Chaim Berlin. 1894.jpg,d2cb80a711ab10519708400e54f0eabc9994f884ad18f7e54e1650c96948c138,image/jpeg,558769,1046,1647,public_domain,PDM-1.0,true,true,true,false,,,primary_page_checked,"The author died in 1916, so this work is in the public domain in its country of origin and other countries and areas where the copyright term is the author's life plus 100 years or fewer.",2026-05-09,2026-05-09T10:37:00Z,claude-code,,Downloaded original Commons JPEG via upload.wikimedia.org.,,,true,high,,Medium-high-resolution (1046x1647); two-hand manuscript valuable for diversity.,none,,,,,unknown,unknown,,,,,,unverified,,
commons__chaim_berlin_letter_kollels_1890__p0001,commons__chaim_berlin_letter_kollels_1890,File:A letter from Chaim Berlin to the Committee of all Kollels. 1890.jpg,1,1,1,Chaim Berlin letter to the Committee of all Kollels (1890),1,1890,year,2026-05-11,he,Hebr,letter,full_page,full_page,"Handwritten Hebrew letter, Chaim Berlin's hand.",1,original,data/scans/commons__chaim_berlin_letter_kollels_1890/commons__chaim_berlin_letter_kollels_1890__p0001.jpg,https://upload.wikimedia.org/wikipedia/commons/e/e2/A_letter_from_Chaim_Berlin_to_the_Committee_of_all_Kollels._1890.jpg,File:A letter from Chaim Berlin to the Committee of all Kollels. 1890.jpg,aa027086d83102f0a2bd10fb3df26d0281a0a2fc1666b2d5166111199b29ac65,image/jpeg,38953,301,447,public_domain,PDM-1.0,true,true,true,false,,,primary_page_checked,"The author died in 1912, so this work is in the public domain in its country of origin and other countries and areas where the copyright term is the author's life plus 100 years or fewer.",2026-05-11,2026-05-11T12:04:00Z,claude-code,,Downloaded original Commons JPEG via upload.wikimedia.org.,,,true,medium,,Low-resolution scan (301x447).,none,,,,,unknown,unknown,,,,,,unverified,,
commons__chief_rabbinate_letter_1921__p0001,commons__chief_rabbinate_letter_1921,File:ChiefRabbinate1922Letter.jpg,1,1,1,Chief Rabbinate proclamation by Rav Kook (1921 / 5681),1,1921,year,2026-05-11,he,Hebr,other,full_page,full_page,Handwritten Hebrew proclamation in Kook's hand.,1,original,data/scans/commons__chief_rabbinate_letter_1921/commons__chief_rabbinate_letter_1921__p0001.jpg,https://upload.wikimedia.org/wikipedia/commons/0/0e/ChiefRabbinate1922Letter.jpg,File:ChiefRabbinate1922Letter.jpg,08842b65e2a3eb61b9ecf32ace80273c9288d2142887c96e7a1181cd9be1fa21,image/jpeg,382057,1323,952,public_domain,PDM-1.0,true,true,true,false,,,primary_page_checked,This work is in the public domain in its country of origin and other countries and areas where the copyright term is the author's life plus 70 years or fewer.,2026-05-11,2026-05-11T12:04:00Z,claude-code,,Downloaded original Commons JPEG via upload.wikimedia.org; filename says 1922 but document dates to 5681 = 1921.,,,true,high,,High-resolution (1323x952).,none,,,,,unknown,unknown,,,,,,unverified,,
commons__chushiel_letter_geniza__p0001,commons__chushiel_letter_geniza,File:Chushiel_letter.jpg,1,1,1,"Letter of Hushiel ben Elhanan, Cairo Geniza (1906 JE facsimile)",1,circa 1000,circa,2026-05-11,he,Hebr,letter,full_page,substantial,"Cursive Hebrew letter, reproduced as a black-and-white photographic facsimile in the 1906 Jewish Encyclopedia; ink/parchment contrast somewhat reduced by the printing process.",1,original,data/scans/commons__chushiel_letter_geniza/commons__chushiel_letter_geniza__p0001.jpg,https://upload.wikimedia.org/wikipedia/commons/0/08/Chushiel_letter.jpg,File:Chushiel_letter.jpg,da0ececd53651a7652ee6d4cd453a6695ed48a8557d9993133b6e345c2337690,image/jpeg,96348,537,284,public_domain,PDM-1.0,true,true,true,false,,,primary_page_checked,This image is in the public domain because it was part of Jewish Encyclopedia (1901–1906). The copyrights for that book have expired and this image is in the public domain.,2026-05-11,2026-05-11T08:30:04Z,claude,https://commons.wikimedia.org/wiki/File:Chushiel_letter.jpg,Downloaded the original Commons image and read the license template on its file page; verbatim license sentence stored in rights.evidence_text.,,,true,medium,,"Black-and-white facsimile reproduction (537×284); resolution suited to display, not to fine-grained line analysis.",none,,,,,unknown,unknown,,,,,,unverified,,
commons__damascus_pentateuch_ms_heb_8_7088__p0001,commons__damascus_pentateuch_ms_heb_8_7088,File:Damascus_Pentateuch_8°7088_p.16.jpg,1,1,2,"Damascus Pentateuch Ms. Heb. 8°7088, p. 16 (two-page spread)",1,14th century,range,2026-05-11,he,Hebr,notebook,full_page,full_page,Open-book photograph showing two facing leaves of vocalised oriental square Hebrew script.,1,original,data/scans/commons__damascus_pentateuch_ms_heb_8_7088/commons__damascus_pentateuch_ms_heb_8_7088__p0001.jpg,https://upload.wikimedia.org/wikipedia/commons/7/78/Damascus_Pentateuch_8%C2%B07088_p.16.jpg,File:Damascus_Pentateuch_8°7088_p.16.jpg,950f3137661352292264196d4119a9f7cfa456a264ac0efc5f227ac3a7fe5def,image/jpeg,1556939,5616,3744,public_domain,PDM-1.0,true,true,true,false,,,primary_page_checked,This work is in the public domain in its country of origin and other countries and areas where the copyright term is the author's life plus 100 years or fewer.,2026-05-11,2026-05-11T08:30:06Z,claude,https://commons.wikimedia.org/wiki/File:Damascus_Pentateuch_8%C2%B07088_p.16.jpg,Downloaded the original Commons image and read the license template on its file page; verbatim license sentence stored in rights.evidence_text.,National Library of Israel,"Ms. Heb. 8°7088, p. 16",true,high,,Crisp open-book photograph; both facing pages clearly legible.,none,,,,,unknown,unknown,,,,,,unverified,,
commons__epstein_meltzer_letter_about_kook__p0001,commons__epstein_meltzer_letter_about_kook,File:RavEpsteinandRavMeltzer.jpg,1,1,1,Joint letter of Rabbis Epstein and Meltzer supporting Rav Kook,2,,unknown,2026-05-11,he,Hebr,letter,full_page,full_page,Two-author handwritten Hebrew letter; high-resolution scan.,1,original,data/scans/commons__epstein_meltzer_letter_about_kook/commons__epstein_meltzer_letter_about_kook__p0001.jpg,https://upload.wikimedia.org/wikipedia/commons/c/cf/RavEpsteinandRavMeltzer.jpg,File:RavEpsteinandRavMeltzer.jpg,e1f709711383fc21e5787a61d030909c55f48d709ccd55cfce4066fed07faf62,image/jpeg,361422,1920,2669,public_domain,PDM-1.0,true,true,true,false,,,primary_page_checked,This work is in the public domain in its country of origin and other countries and areas where the copyright term is the author's life plus 70 years or fewer.,2026-05-11,2026-05-11T12:04:00Z,claude-code,,Downloaded original Commons JPEG via upload.wikimedia.org.,,,true,high,,High-resolution (1920x2669) two-hand manuscript.,none,,,,,unknown,unknown,,,,,,unverified,,
commons__geniza_education_ts_k5_13__p0001,commons__geniza_education_ts_k5_13,File:Education_(T-S_K5.13).jpg,1,1,1,Cairo Geniza writing-exercise leaf (T-S K5.13),1,10th-12th century,range,2026-05-11,he,Hebr,notebook,mixed,partial,Left half is a decorated practice alphabet in coloured ink; right half is a figural drawing of a menorah inside an arched portal. Hand-drawn throughout.,1,original,data/scans/commons__geniza_education_ts_k5_13/commons__geniza_education_ts_k5_13__p0001.jpg,https://upload.wikimedia.org/wikipedia/commons/5/58/Education_%28T-S_K5.13%29.jpg,File:Education_(T-S_K5.13).jpg,977a5b11eeb58a687d6e7134a47fc2795a2bcc001c8b667f1eaf22f86c3f4968,image/jpeg,511375,2000,1581,public_domain,PDM-1.0,true,true,true,false,,,primary_page_checked,This work is in the public domain in its country of origin and other countries and areas where the copyright term is the author's life plus 100 years or fewer.,2026-05-11,2026-05-11T08:30:08Z,claude,https://commons.wikimedia.org/wiki/File:Education_(T-S_K5.13).jpg,Downloaded the original Commons image and read the license template on its file page; verbatim license sentence stored in rights.evidence_text.,"Cambridge University Library, Taylor-Schechter Collection",T-S K5.13,true,high,,Colour image with Cambridge T-S call number plate visible at lower-right.,none,,,,,unknown,unknown,,,,,,unverified,,
commons__grodzinski_letter_about_kook__p0001,commons__grodzinski_letter_about_kook,File:Letter of Rav Chaim Ozer Grodzinsky About Rav Kook.jpg,1,1,1,Letter of Rav Chaim Ozer Grodzinski about Rav Kook,1,,unknown,2026-05-11,he,Hebr,letter,full_page,full_page,Handwritten Hebrew letter from Vilna; rabbinical cursive.,1,original,data/scans/commons__grodzinski_letter_about_kook/commons__grodzinski_letter_about_kook__p0001.jpg,https://upload.wikimedia.org/wikipedia/commons/4/43/Letter_of_Rav_Chaim_Ozer_Grodzinsky_About_Rav_Kook.jpg,File:Letter of Rav Chaim Ozer Grodzinsky About Rav Kook.jpg,cfdc2bb8276535caa529654ab65ccd286cbdf2d16b29c03ee6427a4235abc348,image/jpeg,217139,904,578,public_domain,LicenseRef-Public-Domain-Israel,true,true,true,false,,,primary_page_checked,This work or image is now in the public domain because its term of copyright has expired in Israel.,2026-05-11,2026-05-11T12:04:00Z,claude-code,,Downloaded original Commons JPEG via upload.wikimedia.org.,,,true,high,,Medium-resolution (904x578).,none,,,,,unknown,unknown,,,,,,unverified,,
commons__halper113_midrash_david_colophon__p0001,commons__halper113_midrash_david_colophon,"File:Halper_113_Midrash_David_on_Genesis,_colophon,_Cairo_Geniza.jpg",1,1,1,"Colophon of Midrash David on Genesis (Halper 113), Cairo Geniza",1,1299,year,2026-05-11,he,Hebr,marginalia,full_page,full_page,"Colophon page: dating line at top, a body paragraph of cursive Hebrew, a centred signature block, and a coda at the bottom.",1,original,data/scans/commons__halper113_midrash_david_colophon/commons__halper113_midrash_david_colophon__p0001.jpg,https://upload.wikimedia.org/wikipedia/commons/5/55/Halper_113_Midrash_David_on_Genesis%2C_colophon%2C_Cairo_Geniza.jpg,"File:Halper_113_Midrash_David_on_Genesis,_colophon,_Cairo_Geniza.jpg",3ebb1a44eca7f52afcb38f9a23475db38918f58be707e97096f9b8b009a5c52c,image/jpeg,433160,1343,1800,public_domain,PDM-1.0,true,true,true,false,,,primary_page_checked,This work is in the public domain in its country of origin and other countries and areas where the copyright term is the author's life plus 100 years or fewer.,2026-05-11,2026-05-11T08:30:10Z,claude,"https://commons.wikimedia.org/wiki/File:Halper_113_Midrash_David_on_Genesis,_colophon,_Cairo_Geniza.jpg",Downloaded the original Commons image and read the license template on its file page; verbatim license sentence stored in rights.evidence_text.,"University of Pennsylvania, Halper Collection",Halper 113,true,high,,Sharp Geniza-leaf scan; colophon clearly legible.,none,,,,,unknown,unknown,,,,,,unverified,,
commons__halper462_exilarch_genealogy__p0001,commons__halper462_exilarch_genealogy,"File:Halper_462_Genealogy_of_the_Exilarchs_to_David_and_Adam,_Cairo_Geniza.jpg",1,1,1,"Genealogy of the Exilarchs to David and Adam (Halper 462), Cairo Geniza",1,12th century,range,2026-05-11,he,Hebr,other,full_page,substantial,Dense column-formatted list of Hebrew names with a continuous-text coda; visible horizontal folds and edge loss along the right side.,1,original,data/scans/commons__halper462_exilarch_genealogy/commons__halper462_exilarch_genealogy__p0001.jpg,https://upload.wikimedia.org/wikipedia/commons/d/db/Halper_462_Genealogy_of_the_Exilarchs_to_David_and_Adam%2C_Cairo_Geniza.jpg,"File:Halper_462_Genealogy_of_the_Exilarchs_to_David_and_Adam,_Cairo_Geniza.jpg",176a1a976ca9bd2107994d9c65ce09d1a8c31bce68e10b37619c0e704b4337dc,image/jpeg,583751,1800,1618,public_domain,PDM-1.0,true,true,true,false,,,primary_page_checked,This work is in the public domain in its country of origin and other countries and areas where the copyright term is the author's life plus 100 years or fewer.,2026-05-11,2026-05-11T08:30:12Z,claude,"https://commons.wikimedia.org/wiki/File:Halper_462_Genealogy_of_the_Exilarchs_to_David_and_Adam,_Cairo_Geniza.jpg",Downloaded the original Commons image and read the license template on its file page; verbatim license sentence stored in rights.evidence_text.,"University of Pennsylvania, Halper Collection",Halper 462,true,medium,,Colour Geniza leaf scan; readable despite folds and edge damage.,none,,,,,unknown,unknown,,,,,,unverified,,
commons__hatikvah_imber_manuscript__p0001,commons__hatikvah_imber_manuscript,File:Hatikvah.jpg,1,1,1,Naftali Herz Imber's handwritten 'Hatikvah' manuscript (1907-1908),1,1907/1908,range,2026-05-09,he,Hebr,poem,full_page,full_page,"Handwritten Hebrew first stanza and chorus of Hatikvah, with author signature.",1,original,data/scans/commons__hatikvah_imber_manuscript/commons__hatikvah_imber_manuscript__p0001.jpg,https://upload.wikimedia.org/wikipedia/commons/5/59/Hatikvah.jpg,File:Hatikvah.jpg,76ff45560516d84b987e6651a023fb2d0f05c26d05125cfbc5eb787d046da3e8,image/jpeg,156427,748,549,public_domain,PDM-1.0,true,true,true,false,,,primary_page_checked,"The author died in 1909, so this work is in the public domain in its country of origin and other countries and areas where the copyright term is the author's life plus 100 years or fewer.",2026-05-09,2026-05-09T10:37:00Z,claude-code,,Downloaded original Commons JPEG via upload.wikimedia.org.,,,true,high,,"Small excerpt (748x549) showing first stanza, chorus, and signature.",none,,,,,unknown,unknown,,,,,,unverified,,
commons__hirsch_torah_letter_1878__p0001,commons__hirsch_torah_letter_1878,"File:Letters with Torah thoughts and fundamentals of Torah in Hebrew, from Rabbi Samson Refael Hirsch. 1878.jpg",1,I,1,"S. R. Hirsch Torah-thoughts letter, sheet I (1878)",1,1878,year,2026-05-11,he,Hebr,letter,full_page,full_page,19th-century German rabbinical Hebrew hand.,1,original,data/scans/commons__hirsch_torah_letter_1878/commons__hirsch_torah_letter_1878__p0001.jpg,https://upload.wikimedia.org/wikipedia/commons/4/43/Letters_with_Torah_thoughts_and_fundamentals_of_Torah_in_Hebrew%2C_from_Rabbi_Samson_Refael_Hirsch._1878.jpg,"File:Letters with Torah thoughts and fundamentals of Torah in Hebrew, from Rabbi Samson Refael Hirsch. 1878.jpg",55e7c2227146cc3fdddd48688c91aae3d899063c25711ed76d5ffe8105309c21,image/jpeg,218680,670,1064,public_domain,PDM-1.0,true,true,true,false,,,primary_page_checked,"The author died in 1888, so this work is in the public domain in its country of origin and other countries and areas where the copyright term is the author's life plus 100 years or fewer.",2026-05-11,2026-05-11T12:04:00Z,claude-code,,Downloaded original Commons JPEG via upload.wikimedia.org; Frankfurt provenance.,,,true,high,,Medium-resolution (670x1064).,none,,,,,unknown,unknown,,,,,,unverified,,
commons__hirsch_torah_letter_1878__p0002,commons__hirsch_torah_letter_1878,"File:Letters with Torah thoughts and fundamentals of Torah in Hebrew, from Rabbi Samson Refael Hirsch. 1878.II.jpg",2,II,1,"S. R. Hirsch Torah-thoughts letter, sheet II (1878)",1,1878,year,2026-05-11,he,Hebr,letter,full_page,full_page,19th-century German rabbinical Hebrew hand.,1,original,data/scans/commons__hirsch_torah_letter_1878/commons__hirsch_torah_letter_1878__p0002.jpg,https://upload.wikimedia.org/wikipedia/commons/f/fe/Letters_with_Torah_thoughts_and_fundamentals_of_Torah_in_Hebrew%2C_from_Rabbi_Samson_Refael_Hirsch._1878.II.jpg,"File:Letters with Torah thoughts and fundamentals of Torah in Hebrew, from Rabbi Samson Refael Hirsch. 1878.II.jpg",91bb9de7d9e482f70ef7e1fc7b6fc7481603f98dbf1a34ee389b7ac9fcdeacd0,image/jpeg,422455,1335,1064,public_domain,PDM-1.0,true,true,true,false,,,primary_page_checked,"The author died in 1888, so this work is in the public domain in its country of origin and other countries and areas where the copyright term is the author's life plus 100 years or fewer.",2026-05-11,2026-05-11T12:04:00Z,claude-code,,Downloaded original Commons JPEG via upload.wikimedia.org; Frankfurt provenance.,,,true,high,,Medium-resolution (1335x1064).,none,,,,,unknown,unknown,,,,,,unverified,,
commons__hirsch_torah_letter_1878__p0003,commons__hirsch_torah_letter_1878,"File:Letters with Torah thoughts and fundamentals of Torah in Hebrew, from Rabbi Samson Refael Hirsch. 1878.III.jpg",3,III,1,"S. R. Hirsch Torah-thoughts letter, sheet III (1878)",1,1878,year,2026-05-11,he,Hebr,letter,full_page,full_page,19th-century German rabbinical Hebrew hand.,1,original,data/scans/commons__hirsch_torah_letter_1878/commons__hirsch_torah_letter_1878__p0003.jpg,https://upload.wikimedia.org/wikipedia/commons/5/56/Letters_with_Torah_thoughts_and_fundamentals_of_Torah_in_Hebrew%2C_from_Rabbi_Samson_Refael_Hirsch._1878.III.jpg,"File:Letters with Torah thoughts and fundamentals of Torah in Hebrew, from Rabbi Samson Refael Hirsch. 1878.III.jpg",08d9cc4419ccb8c97616c669c028f9d69e69c687473760e5f339f3319d78b6d8,image/jpeg,70117,1553,812,public_domain,PDM-1.0,true,true,true,false,,,primary_page_checked,"The author died in 1888, so this work is in the public domain in its country of origin and other countries and areas where the copyright term is the author's life plus 100 years or fewer.",2026-05-11,2026-05-11T12:04:00Z,claude-code,,Downloaded original Commons JPEG via upload.wikimedia.org; Frankfurt provenance.,,,true,high,,Medium-resolution (1553x812); shorter sheet.,none,,,,,unknown,unknown,,,,,,unverified,,
commons__judah_halevi_letter_ts_8j18_5__p0001,commons__judah_halevi_letter_ts_8j18_5,File:Letter_(T-S_8J18.5).jpg,1,1,1,"Letter attributed to Judah ha-Levi, Cairo Geniza T-S 8J18.5",1,circa 1140,circa,2026-05-11,he,Hebr,letter,full_page,substantial,Mediterranean cursive Hebrew letter on a Geniza leaf; faded edges and some bleed-through.,1,original,data/scans/commons__judah_halevi_letter_ts_8j18_5/commons__judah_halevi_letter_ts_8j18_5__p0001.jpg,https://upload.wikimedia.org/wikipedia/commons/f/f5/Letter_%28T-S_8J18.5%29.jpg,File:Letter_(T-S_8J18.5).jpg,3241576965e1993e9e13ecb587b69b576a6310ea706ec7586d9c12f7126b0371,image/jpeg,1161173,1603,1577,public_domain,PDM-1.0,true,true,true,false,,,primary_page_checked,This work is in the public domain in its country of origin and other countries and areas where the copyright term is the author's life plus 70 years or fewer.,2026-05-11,2026-05-11T08:30:14Z,claude,https://commons.wikimedia.org/wiki/File:Letter_(T-S_8J18.5).jpg,Downloaded the original Commons image and read the license template on its file page; verbatim license sentence stored in rights.evidence_text.,"Cambridge University Library, Taylor-Schechter Collection",T-S 8J18.5,true,medium,,Colour Geniza leaf scan; central text well-preserved.,none,,,,,unknown,unknown,,,,,,unverified,,
commons__kafka_hebrew_writings__p0001,commons__kafka_hebrew_writings,File:Franz_Kafka_-_Hebrew_writings_-_Literary_Estate_Max_Brod_-_National_Library_of_Israel.jpg,1,1,2,Franz Kafka Hebrew language exercise notebook (two-page spread),1,before 1925,range,2026-05-11,he,Hebr,notebook,full_page,full_page,Open notebook showing two facing pages of Hebrew exercises in Kafka's hand; cursive interspersed with isolated practice words and a small drawing at lower-left.,1,original,data/scans/commons__kafka_hebrew_writings/commons__kafka_hebrew_writings__p0001.jpg,https://upload.wikimedia.org/wikipedia/commons/2/20/Franz_Kafka_-_Hebrew_writings_-_Literary_Estate_Max_Brod_-_National_Library_of_Israel.jpg,File:Franz_Kafka_-_Hebrew_writings_-_Literary_Estate_Max_Brod_-_National_Library_of_Israel.jpg,a4eee6563b003925d5406d9afc67367bc861552c471c2018a9e1e1a6af92c59c,image/jpeg,98855,576,347,public_domain,PDM-1.0,true,true,true,false,,,primary_page_checked,This work is in the public domain in its country of origin and other countries and areas where the copyright term is the author's life plus 70 years or fewer.,2026-05-11,2026-05-11T08:30:16Z,claude,https://commons.wikimedia.org/wiki/File:Franz_Kafka_-_Hebrew_writings_-_Literary_Estate_Max_Brod_-_National_Library_of_Israel.jpg,Downloaded the original Commons image and read the license template on its file page; verbatim license sentence stored in rights.evidence_text.,National Library of Israel,,true,medium,,Web-sized reproduction (576×347); usable for context but resolution-limited for line-level training.,none,,,,,unknown,unknown,,,,,,unverified,,
commons__kook_letter_12_tammuz_1928__p0001,commons__kook_letter_12_tammuz_1928,File:מכתב אברהם יצחק הכהן קוק לכבוד יב בתמוז תרפח.jpg,1,1,1,Rav Kook letter for 12 Tammuz 5688 (22 June 1928),1,1928-06-22,day,2026-05-11,he,Hebr,letter,full_page,full_page,"Handwritten Hebrew letter (full page), Kook's hand.",1,original,data/scans/commons__kook_letter_12_tammuz_1928/commons__kook_letter_12_tammuz_1928__p0001.jpg,https://upload.wikimedia.org/wikipedia/commons/8/8e/%D7%9E%D7%9B%D7%AA%D7%91_%D7%90%D7%91%D7%A8%D7%94%D7%9D_%D7%99%D7%A6%D7%97%D7%A7_%D7%94%D7%9B%D7%94%D7%9F_%D7%A7%D7%95%D7%A7_%D7%9C%D7%9B%D7%91%D7%95%D7%93_%D7%99%D7%91_%D7%91%D7%AA%D7%9E%D7%95%D7%96_%D7%AA%D7%A8%D7%A4%D7%97.jpg,File:מכתב אברהם יצחק הכהן קוק לכבוד יב בתמוז תרפח.jpg,ca17d5a36063a1c5c3e35e000cb7a78c5af5cb9df20eedefe1a5c5fc3943f516,image/jpeg,420673,680,1112,public_domain,PDM-1.0,true,true,true,false,,,primary_page_checked,"The author died in 1935, so this work is in the public domain in its country of origin and other countries and areas where the copyright term is the author's life plus 80 years or fewer.",2026-05-11,2026-05-11T12:04:00Z,claude-code,,Downloaded original Commons JPEG via upload.wikimedia.org; reproduction via Doar HaYom newspaper.,,,true,medium,,Medium resolution (680x1112); newspaper-reproduction contrast may be limited.,none,,,,,unknown,unknown,,,,,,unverified,,
commons__landsberg_letter_1859__p0001,commons__landsberg_letter_1859,"File:Letter from Rabbi Moshe Landsberg, Posen 1859 (F).jpg",1,front,1,"Rabbi Moshe Landsberg letter to Sir Moses Montefiore, Posen 1859 (front)",1,1859,year,2026-05-11,he,Hebr,letter,full_page,full_page,Handwritten Hebrew letter from Posen; 300 dpi scan.,1,original,data/scans/commons__landsberg_letter_1859/commons__landsberg_letter_1859__p0001.jpg,https://upload.wikimedia.org/wikipedia/commons/8/83/Letter_from_Rabbi_Moshe_Landsberg%2C_Posen_1859_%28F%29.jpg,"File:Letter from Rabbi Moshe Landsberg, Posen 1859 (F).jpg",92bcfcc3fefdae88b5557784647fd26a785ce4f4a3542b1c7773ace7701dd463,image/jpeg,185519,800,1303,public_domain,PDM-1.0,true,true,true,false,,,primary_page_checked,"This file has been identified as being free of known restrictions under copyright law, including all related and neighboring rights.",2026-05-11,2026-05-11T12:04:00Z,claude-code,,Downloaded original Commons JPEG via upload.wikimedia.org.,,,true,high,,Medium-resolution (800x1303); 300 dpi.,none,,,,,unknown,unknown,,,,,,unverified,,
commons__landsberg_letter_1859__p0002,commons__landsberg_letter_1859,"File:Letter from Rabbi Moshe Landsberg, Posen 1859 (B).jpg",2,back,1,"Rabbi Moshe Landsberg letter to Sir Moses Montefiore, Posen 1859 (back)",1,1859,year,2026-05-11,he,Hebr,letter,full_page,full_page,Handwritten Hebrew letter back side; 300 dpi scan.,1,original,data/scans/commons__landsberg_letter_1859/commons__landsberg_letter_1859__p0002.jpg,https://upload.wikimedia.org/wikipedia/commons/7/74/Letter_from_Rabbi_Moshe_Landsberg%2C_Posen_1859_%28B%29.jpg,"File:Letter from Rabbi Moshe Landsberg, Posen 1859 (B).jpg",a1e6ca86ad6e33389450444f722ae1cf197d21a9f628ddb4d7b47d525f685ece,image/jpeg,186227,877,1426,public_domain,PDM-1.0,true,true,true,false,,,primary_page_checked,"This file has been identified as being free of known restrictions under copyright law, including all related and neighboring rights.",2026-05-11,2026-05-11T12:04:00Z,claude-code,,Downloaded original Commons JPEG via upload.wikimedia.org.,,,true,high,,Medium-resolution (877x1426); 300 dpi.,none,,,,,unknown,unknown,,,,,,unverified,,
commons__leibowitz_letter_about_kook__p0001,commons__leibowitz_letter_about_kook,File:Letter of Rav Boruch Ber Leibowitz About Rav Kook.jpg,1,1,1,Letter of Rav Boruch Ber Leibowitz about Rav Kook,1,,unknown,2026-05-11,he,Hebr,letter,full_page,full_page,Handwritten Hebrew letter from Kamenetz; rabbinical cursive.,1,original,data/scans/commons__leibowitz_letter_about_kook/commons__leibowitz_letter_about_kook__p0001.jpg,https://upload.wikimedia.org/wikipedia/commons/9/9a/Letter_of_Rav_Boruch_Ber_Leibowitz_About_Rav_Kook.jpg,File:Letter of Rav Boruch Ber Leibowitz About Rav Kook.jpg,915e61fc71e747d3c65b221d6d0119b18697131deb74d7d56e731ff1d3a24c15,image/jpeg,169255,904,484,public_domain,LicenseRef-Public-Domain-Israel,true,true,true,false,,,primary_page_checked,This work or image is now in the public domain because its term of copyright has expired in Israel.,2026-05-11,2026-05-11T12:04:00Z,claude-code,,Downloaded original Commons JPEG via upload.wikimedia.org.,,,true,high,,Medium-resolution (904x484).,none,,,,,unknown,unknown,,,,,,unverified,,
commons__leningrad_codex_folio_474a__p0001,commons__leningrad_codex_folio_474a,File:Leningrad_Codex_Folio_474a.jpg,1,1,1,"Leningrad Codex, illuminated folio 474a",1,circa 1010,circa,2026-05-11,he,Hebr,notebook,mixed,substantial,Carpet-page illumination with hand-lettered Hebrew inscriptions integrated into a geometric star-and-rosette design.,1,original,data/scans/commons__leningrad_codex_folio_474a/commons__leningrad_codex_folio_474a__p0001.jpg,https://upload.wikimedia.org/wikipedia/commons/a/a9/Leningrad_Codex_Folio_474a.jpg,File:Leningrad_Codex_Folio_474a.jpg,e458956741cc1aea12933e7acd76dad660f0ca281fa09b32a1991fa3d4406af9,image/jpeg,3565154,3712,4433,public_domain,PDM-1.0,true,true,true,false,,,primary_page_checked,This work is in the public domain in its country of origin and other countries and areas where the copyright term is the author's life plus 100 years or fewer.,2026-05-11,2026-05-11T08:30:18Z,claude,https://commons.wikimedia.org/wiki/File:Leningrad_Codex_Folio_474a.jpg,Downloaded the original Commons image and read the license template on its file page; verbatim license sentence stored in rights.evidence_text.,,,true,high,,Large (3712×4433) high-fidelity scan of the illuminated cover page.,none,,,,,unknown,unknown,,,,,,unverified,,
commons__mahzor_vitry_1204__p0001,commons__mahzor_vitry_1204,File:Mahzor_Vitry.jpg,1,1,1,"Mahzor Vitry — illuminated leaf, 1204 manuscript copy",2,1204,year,2026-05-11,he,Hebr,notebook,mixed,substantial,"Display Hebrew calligraphy formed into large outline letters at top, marginal continuous text down the gutter, and figural drawings (mounted figures, animals) along the lower portion of the leaf.",1,original,data/scans/commons__mahzor_vitry_1204/commons__mahzor_vitry_1204__p0001.jpg,https://upload.wikimedia.org/wikipedia/commons/8/8f/Mahzor_Vitry.jpg,File:Mahzor_Vitry.jpg,df5185c90abc401277fc80b5d0b593fba543d9b1ce04ceff1e4a6a928b5c5004,image/jpeg,228674,804,1000,public_domain,PDM-1.0,true,true,true,false,,,primary_page_checked,This work is in the public domain in its country of origin and other countries and areas where the copyright term is the author's life plus 100 years or fewer.,2026-05-11,2026-05-11T08:30:20Z,claude,https://commons.wikimedia.org/wiki/File:Mahzor_Vitry.jpg,Downloaded the original Commons image and read the license template on its file page; verbatim license sentence stored in rights.evidence_text.,Jewish Theological Seminary,MS 8092,true,high,,Colour photograph of the codex leaf in situ; binding edge visible.,none,,,,,unknown,unknown,,,,,,unverified,,
commons__maimonides_responsum_ts_ns_163_57__p0001,commons__maimonides_responsum_ts_ns_163_57,File:T-S_NS_163.57.jpg,1,1,1,"Working note in Maimonides' hand, Cairo Geniza T-S NS 163.57",1,circa 1180,circa,2026-05-11,he,Hebr,draft,full_page,substantial,Two-column working list in Maimonides' personal cursive hand; significant brown staining and holes leave roughly the central third of the leaf damaged but the entries are largely legible.,1,original,data/scans/commons__maimonides_responsum_ts_ns_163_57/commons__maimonides_responsum_ts_ns_163_57__p0001.jpg,https://upload.wikimedia.org/wikipedia/commons/6/6f/T-S_NS_163.57.jpg,File:T-S_NS_163.57.jpg,0fe14b73e362516a6bd191a093ea0c8c62a6861d924f5e81a95d3651b1e8ac50,image/jpeg,2543115,3700,2775,public_domain,PDM-1.0,true,true,true,false,,,primary_page_checked,This work is in the public domain in its country of origin and other countries and areas where the copyright term is the author's life plus 70 years or fewer.,2026-05-11,2026-05-11T08:30:22Z,claude,https://commons.wikimedia.org/wiki/File:T-S_NS_163.57.jpg,Downloaded the original Commons image and read the license template on its file page; verbatim license sentence stored in rights.evidence_text.,"Cambridge University Library, Taylor-Schechter Collection",T-S NS 163.57,true,medium,,High-resolution colour Geniza leaf scan; legibility reduced by water staining and parchment loss.,none,,,,,unknown,unknown,,,,,,unverified,,
commons__mardumsk_haskama_1931__p0001,commons__mardumsk_haskama_1931,File:הסכמת הרבי מרדומסק לספרו של רבי שלמה שטנצל.jpg,1,1,1,"Approbation by the Radomsk Rebbe (haskama), 6 September 1931",1,1931-09-06,day,2026-05-09,he,Hebr,letter,full_page,full_page,"Full-page handwritten Hebrew rabbinic approbation, dense Ashkenazi-Hasidic cursive.",1,original,data/scans/commons__mardumsk_haskama_1931/commons__mardumsk_haskama_1931__p0001.jpg,https://upload.wikimedia.org/wikipedia/commons/f/fa/%D7%94%D7%A1%D7%9B%D7%9E%D7%AA_%D7%94%D7%A8%D7%91%D7%99_%D7%9E%D7%A8%D7%93%D7%95%D7%9E%D7%A1%D7%A7_%D7%9C%D7%A1%D7%A4%D7%A8%D7%95_%D7%A9%D7%9C_%D7%A8%D7%91%D7%99_%D7%A9%D7%9C%D7%9E%D7%94_%D7%A9%D7%98%D7%A0%D7%A6%D7%9C.jpg,File:הסכמת הרבי מרדומסק לספרו של רבי שלמה שטנצל.jpg,fc7f9330653de0bd77083817cfe067b45d89abfbbf2e0ca7508a810637579616,image/jpeg,1036847,2360,1597,public_domain,PDM-1.0,true,true,true,false,,,primary_page_checked,This work is in the public domain in its country of origin and other countries and areas where the copyright term is the author's life plus 70 years or fewer.,2026-05-09,2026-05-09T10:37:00Z,claude-code,,Downloaded original Commons JPEG via upload.wikimedia.org.,,,true,high,,High-resolution (2360x1597); rabbinic cursive may be denser than secular hands.,none,,,,,unknown,unknown,,,,,,unverified,,
commons__mira_ben_ari_letter__p0001,commons__mira_ben_ari_letter,File:מכתב בכתב ידה של מירה בן- ארי.jpg,1,1,1,Handwritten Hebrew letter by Mira Ben-Ari (before 1948),1,,unknown,2026-05-09,he,Hebr,letter,full_page,full_page,Full-page handwritten Hebrew letter; modern Israeli cursive (woman's hand).,1,original,data/scans/commons__mira_ben_ari_letter/commons__mira_ben_ari_letter__p0001.jpg,https://upload.wikimedia.org/wikipedia/commons/c/c4/%D7%9E%D7%9B%D7%AA%D7%91_%D7%91%D7%9B%D7%AA%D7%91_%D7%99%D7%93%D7%94_%D7%A9%D7%9C_%D7%9E%D7%99%D7%A8%D7%94_%D7%91%D7%9F-_%D7%90%D7%A8%D7%99.jpg,File:מכתב בכתב ידה של מירה בן- ארי.jpg,640a020d9b9f0a5df516925190146f51a7781fb408e0f70cdbdcc2f0f8e4cc13,image/jpeg,3357475,3000,2000,public_domain,PDM-1.0,true,true,true,false,,,primary_page_checked,This work is in the public domain in its country of origin and other countries and areas where the copyright term is the author's life plus 70 years or fewer.,2026-05-09,2026-05-09T10:37:00Z,claude-code,,Downloaded original Commons JPEG via upload.wikimedia.org.,,,true,high,,High-resolution (3000x2000); date written is bounded by author lifespan only.,none,,,,,unknown,unknown,,,,,,unverified,,
commons__more_nevuchim_yemenite__p0001,commons__more_nevuchim_yemenite,File:More-Nevuchim-Yemenite-manuscipt.jpg,1,1,2,"Yemenite manuscript of Moreh Nevuchim, opening spread",2,13th-14th century,range,2026-05-11,he,Hebr,notebook,full_page,full_page,"Open-book photograph showing two facing leaves of the Yemenite codex: vocalised display title at the top of the right-hand leaf with continuous commentary below, and a body block on the facing leaf.",1,original,data/scans/commons__more_nevuchim_yemenite/commons__more_nevuchim_yemenite__p0001.jpg,https://upload.wikimedia.org/wikipedia/commons/6/6c/More-Nevuchim-Yemenite-manuscipt.jpg,File:More-Nevuchim-Yemenite-manuscipt.jpg,137ccc775dccb3f195367a75fdc3394fa7de2b18cf302f2ee24bfcb8b7d3480a,image/jpeg,122035,840,465,public_domain,PDM-1.0,true,true,true,false,,,primary_page_checked,This work is in the public domain in its country of origin and other countries and areas where the copyright term is the author's life plus 70 years or fewer.,2026-05-11,2026-05-11T08:30:24Z,claude,https://commons.wikimedia.org/wiki/File:More-Nevuchim-Yemenite-manuscipt.jpg,Downloaded the original Commons image and read the license template on its file page; verbatim license sentence stored in rights.evidence_text.,,,true,high,,Web-sized photograph of the manuscript opening (840×465); resolution-limited but the lettering remains legible.,none,,,,,unknown,unknown,,,,,,unverified,,
commons__obadiah_proselyte_doc16_baruch_aleppo__p0001,commons__obadiah_proselyte_doc16_baruch_aleppo,"File:Cairo_Geniza_-_Obadiah_the_Proselyte,_Document_XVI_-_letter_of_Barukh_ben_Isaac_of_Aleppo_(Bodleian_Library,_MS._Heb._a._3,_fol._1b).jpg",1,1,1,"Letter of Barukh ben Isaac of Aleppo to Obadiah the Proselyte (Bodleian MS Heb. a. 3, fol. 1b)",1,circa 1150,circa,2026-05-11,he,Hebr,letter,full_page,substantial,Narrow strip-shaped Geniza leaf densely filled with Italian-Levantine cursive Hebrew; some bottom-edge loss.,1,original,data/scans/commons__obadiah_proselyte_doc16_baruch_aleppo/commons__obadiah_proselyte_doc16_baruch_aleppo__p0001.jpg,https://upload.wikimedia.org/wikipedia/commons/0/0a/Cairo_Geniza_-_Obadiah_the_Proselyte%2C_Document_XVI_-_letter_of_Barukh_ben_Isaac_of_Aleppo_%28Bodleian_Library%2C_MS._Heb._a._3%2C_fol._1b%29.jpg,"File:Cairo_Geniza_-_Obadiah_the_Proselyte,_Document_XVI_-_letter_of_Barukh_ben_Isaac_of_Aleppo_(Bodleian_Library,_MS._Heb._a._3,_fol._1b).jpg",78ad71c39179dfc1162441f1bdad88474180bd0bc06a123145c5f06e339f69c2,image/jpeg,69729,192,709,public_domain,PDM-1.0,true,true,true,false,,,primary_page_checked,This work is in the public domain in its country of origin and other countries and areas where the copyright term is the author's life plus 70 years or fewer.,2026-05-11,2026-05-11T08:30:26Z,claude,"https://commons.wikimedia.org/wiki/File:Cairo_Geniza_-_Obadiah_the_Proselyte,_Document_XVI_-_letter_of_Barukh_ben_Isaac_of_Aleppo_(Bodleian_Library,_MS._Heb._a._3,_fol._1b).jpg",Downloaded the original Commons image and read the license template on its file page; verbatim license sentence stored in rights.evidence_text.,Bodleian Libraries,"MS Heb. a. 3, fol. 1b",true,medium,,Colour scan of a long narrow Bodleian leaf (192×709).,none,,,,,unknown,unknown,,,,,,unverified,,
commons__obadiah_proselyte_kaufmann_ms24__p0001,commons__obadiah_proselyte_kaufmann_ms24,"File:Cairo_Geniza_-_Obadiah_Scroll,_Document_II_(Kaufmann_Genizah_Collection,_MS_24,_f._1r).jpg",1,Document II (folio 1r),1,"Obadiah the Proselyte scroll, Kaufmann MS 24 — Document II (folio 1r)",1,circa 1150,circa,2026-05-11,he,Hebr,other,full_page,full_page,"Recto of folio 1: opening lines of Obadiah's memoir in Italian-Levantine cursive Hebrew, with a marginal annotation in the upper right.",1,original,data/scans/commons__obadiah_proselyte_kaufmann_ms24/commons__obadiah_proselyte_kaufmann_ms24__p0001.jpg,https://upload.wikimedia.org/wikipedia/commons/d/dd/Cairo_Geniza_-_Obadiah_Scroll%2C_Document_II_%28Kaufmann_Genizah_Collection%2C_MS_24%2C_f._1r%29.jpg,"File:Cairo_Geniza_-_Obadiah_Scroll,_Document_II_(Kaufmann_Genizah_Collection,_MS_24,_f._1r).jpg",284e40adcb6e4b5968a35ea9a92b495a5a155dc2d69acf0f88aeb9a1a7d27588,image/jpeg,183323,468,684,public_domain,PDM-1.0,true,true,true,false,,,primary_page_checked,"The author died in 1150, so this work is in the public domain in its country of origin and other countries and areas where the copyright term is the author's life plus 100 years or fewer.",2026-05-11,2026-05-11T08:30:28Z,claude,"https://commons.wikimedia.org/wiki/File:Cairo_Geniza_-_Obadiah_Scroll,_Document_II_(Kaufmann_Genizah_Collection,_MS_24,_f._1r).jpg",Downloaded the original Commons image and read the license template on its file page; verbatim license sentence stored in rights.evidence_text.,"Hungarian Academy of Sciences, Kaufmann Genizah Collection","MS 24, fol. 1r",true,high,,Colour scans of the four scroll surfaces from the Kaufmann Genizah Collection.,none,,,,,unknown,unknown,,,,,,unverified,,
commons__obadiah_proselyte_kaufmann_ms24__p0002,commons__obadiah_proselyte_kaufmann_ms24,"File:Cairo_Geniza_-_Obadiah_Scroll,_Document_III_(Kaufmann_Genizah_Collection,_MS_24,_f._1v).jpg",2,Document III (folio 1v),1,"Obadiah the Proselyte scroll, Kaufmann MS 24 — Document III (folio 1v)",1,circa 1150,circa,2026-05-11,he,Hebr,other,full_page,full_page,Verso of folio 1: continuation of the memoir in the same cursive hand.,1,original,data/scans/commons__obadiah_proselyte_kaufmann_ms24/commons__obadiah_proselyte_kaufmann_ms24__p0002.jpg,https://upload.wikimedia.org/wikipedia/commons/f/fc/Cairo_Geniza_-_Obadiah_Scroll%2C_Document_III_%28Kaufmann_Genizah_Collection%2C_MS_24%2C_f._1v%29.jpg,"File:Cairo_Geniza_-_Obadiah_Scroll,_Document_III_(Kaufmann_Genizah_Collection,_MS_24,_f._1v).jpg",a054b7be74101a30c421c42219e1c9685fe9d8e4f2c0c331f03e604551d5159d,image/jpeg,172672,468,688,public_domain,PDM-1.0,true,true,true,false,,,primary_page_checked,"The author died in 1150, so this work is in the public domain in its country of origin and other countries and areas where the copyright term is the author's life plus 100 years or fewer.",2026-05-11,2026-05-11T08:30:30Z,claude,"https://commons.wikimedia.org/wiki/File:Cairo_Geniza_-_Obadiah_Scroll,_Document_III_(Kaufmann_Genizah_Collection,_MS_24,_f._1v).jpg",Downloaded the original Commons image and read the license template on its file page; verbatim license sentence stored in rights.evidence_text.,"Hungarian Academy of Sciences, Kaufmann Genizah Collection","MS 24, fol. 1v",true,high,,Colour scans of the four scroll surfaces from the Kaufmann Genizah Collection.,none,,,,,unknown,unknown,,,,,,unverified,,
commons__obadiah_proselyte_kaufmann_ms24__p0003,commons__obadiah_proselyte_kaufmann_ms24,"File:Cairo_Geniza_-_Obadiah_Scroll,_Document_VIII_(Kaufmann_Genizah_Collection,_MS_24,_f._2r).jpg",3,Document VIII (folio 2r),1,"Obadiah the Proselyte scroll, Kaufmann MS 24 — Document VIII (folio 2r)",1,circa 1150,circa,2026-05-11,he,Hebr,other,full_page,full_page,"Recto of folio 2: a later document on the scroll; same hand, similar layout to the recto of folio 1.",1,original,data/scans/commons__obadiah_proselyte_kaufmann_ms24/commons__obadiah_proselyte_kaufmann_ms24__p0003.jpg,https://upload.wikimedia.org/wikipedia/commons/4/49/Cairo_Geniza_-_Obadiah_Scroll%2C_Document_VIII_%28Kaufmann_Genizah_Collection%2C_MS_24%2C_f._2r%29.jpg,"File:Cairo_Geniza_-_Obadiah_Scroll,_Document_VIII_(Kaufmann_Genizah_Collection,_MS_24,_f._2r).jpg",b0605d83180eaf58f7029db732c1c4d916e36238b1219523596e7be0b5ead96e,image/jpeg,166458,466,668,public_domain,PDM-1.0,true,true,true,false,,,primary_page_checked,"The author died in 1150, so this work is in the public domain in its country of origin and other countries and areas where the copyright term is the author's life plus 100 years or fewer.",2026-05-11,2026-05-11T08:30:32Z,claude,"https://commons.wikimedia.org/wiki/File:Cairo_Geniza_-_Obadiah_Scroll,_Document_VIII_(Kaufmann_Genizah_Collection,_MS_24,_f._2r).jpg",Downloaded the original Commons image and read the license template on its file page; verbatim license sentence stored in rights.evidence_text.,"Hungarian Academy of Sciences, Kaufmann Genizah Collection","MS 24, fol. 2r",true,high,,Colour scans of the four scroll surfaces from the Kaufmann Genizah Collection.,none,,,,,unknown,unknown,,,,,,unverified,,
commons__obadiah_proselyte_kaufmann_ms24__p0004,commons__obadiah_proselyte_kaufmann_ms24,"File:Cairo_Geniza_-_Obadiah_Scroll,_Document_IX_(Kaufmann_Genizah_Collection,_MS_24,_f._2v).jpg",4,Document IX (folio 2v),1,"Obadiah the Proselyte scroll, Kaufmann MS 24 — Document IX (folio 2v)",1,circa 1150,circa,2026-05-11,he,Hebr,other,full_page,full_page,Verso of folio 2: closing document of the scroll; ends with a short colophon-style block at the foot.,1,original,data/scans/commons__obadiah_proselyte_kaufmann_ms24/commons__obadiah_proselyte_kaufmann_ms24__p0004.jpg,https://upload.wikimedia.org/wikipedia/commons/d/d7/Cairo_Geniza_-_Obadiah_Scroll%2C_Document_IX_%28Kaufmann_Genizah_Collection%2C_MS_24%2C_f._2v%29.jpg,"File:Cairo_Geniza_-_Obadiah_Scroll,_Document_IX_(Kaufmann_Genizah_Collection,_MS_24,_f._2v).jpg",80ca8a88e5a100c1b358dfacb0e6cba46a4a5572a85b414e955f5854a1d5ac30,image/jpeg,177017,461,664,public_domain,PDM-1.0,true,true,true,false,,,primary_page_checked,"The author died in 1150, so this work is in the public domain in its country of origin and other countries and areas where the copyright term is the author's life plus 100 years or fewer.",2026-05-11,2026-05-11T08:30:34Z,claude,"https://commons.wikimedia.org/wiki/File:Cairo_Geniza_-_Obadiah_Scroll,_Document_IX_(Kaufmann_Genizah_Collection,_MS_24,_f._2v).jpg",Downloaded the original Commons image and read the license template on its file page; verbatim license sentence stored in rights.evidence_text.,"Hungarian Academy of Sciences, Kaufmann Genizah Collection","MS 24, fol. 2v",true,high,,Colour scans of the four scroll surfaces from the Kaufmann Genizah Collection.,none,,,,,unknown,unknown,,,,,,unverified,,
commons__pelliot_hebreu_1__p0001,commons__pelliot_hebreu_1,File:Pelliot_hébreu_1.jpg,1,1,1,"Pelliot Hébreu 1, Hebrew letter from Dandan-Uiliq",1,8th-9th century,range,2026-05-11,he,Hebr,letter,full_page,full_page,Densely written Hebrew letter on Silk Road paper; horizontal section breaks divide the body into stanzas.,1,original,data/scans/commons__pelliot_hebreu_1/commons__pelliot_hebreu_1__p0001.jpg,https://upload.wikimedia.org/wikipedia/commons/3/39/Pelliot_h%C3%A9breu_1.jpg,File:Pelliot_hébreu_1.jpg,78aad89178e7f92729570a4d6a42242942f1bba34fc07df097f432757bfe165f,image/jpeg,133128,644,924,public_domain,PDM-1.0,true,true,true,false,,,primary_page_checked,This work is in the public domain in its country of origin and other countries and areas where the copyright term is the author's life plus 100 years or fewer.,2026-05-11,2026-05-11T08:30:36Z,claude,https://commons.wikimedia.org/wiki/File:Pelliot_h%C3%A9breu_1.jpg,Downloaded the original Commons image and read the license template on its file page; verbatim license sentence stored in rights.evidence_text.,Bibliothèque nationale de France,Pelliot Hébreu 1,true,high,,Colour photograph of the BnF leaf (644×924).,none,,,,,unknown,unknown,,,,,,unverified,,
commons__pirke_rebbe_eliezer_yemenite_1876__p0001,commons__pirke_rebbe_eliezer_yemenite_1876,File:Yemenite_MSS._(Pirke_Rebbe_Eliezer)_Copied_in_1876.jpg,1,1,1,Title page of a Yemenite Pirke de-Rabbi Eliezer manuscript (1876),2,1876,year,2026-05-11,he,Hebr,notebook,full_page,full_page,"Decorated title page: hand-drawn zig-zag border, hand-lettered Yemenite Hebrew title block, and a hand-written colophon paragraph below identifying the 1876 copy.",1,original,data/scans/commons__pirke_rebbe_eliezer_yemenite_1876/commons__pirke_rebbe_eliezer_yemenite_1876__p0001.jpg,https://upload.wikimedia.org/wikipedia/commons/b/ba/Yemenite_MSS._%28Pirke_Rebbe_Eliezer%29_Copied_in_1876.jpg,File:Yemenite_MSS._(Pirke_Rebbe_Eliezer)_Copied_in_1876.jpg,c55a8710b23056f04fe3e5b748cd8ff641e4b6dc55c650c410c918da18e2f27d,image/jpeg,1498645,1014,1438,cc_by_sa,CC-BY-SA-4.0,true,true,true,true,"User:Davidbena via Wikimedia Commons, CC BY-SA 4.0",https://commons.wikimedia.org/wiki/File:Yemenite_MSS._(Pirke_Rebbe_Eliezer)_Copied_in_1876.jpg,primary_page_checked,This file is licensed under the Creative Commons Attribution-Share Alike 4.0 International license.,2026-05-11,2026-05-11T08:30:38Z,claude,https://commons.wikimedia.org/wiki/File:Yemenite_MSS._(Pirke_Rebbe_Eliezer)_Copied_in_1876.jpg,Downloaded the original Commons image and read the license template on its file page; verbatim license sentence stored in rights.evidence_text.,,,true,high,,Manuscript opening mounted on blue paper; uploader-supplied colour photograph.,none,,,,,unknown,unknown,,,,,,unverified,,
commons__provencal_hebrew_cursive_17c__p0001,commons__provencal_hebrew_cursive_17c,File:17th_century_Provençal_Hebrew_cursive_script.png,1,1,1,"Provençal Hebrew cursive prayer leaf, 17th century",1,circa 1650,circa,2026-05-11,he,Hebr,notebook,full_page,full_page,"Display heading 'Tefilat Shacharit' across the top, followed by daily Psalms list in Provençal cursive Hebrew.",1,original,data/scans/commons__provencal_hebrew_cursive_17c/commons__provencal_hebrew_cursive_17c__p0001.png,https://upload.wikimedia.org/wikipedia/commons/b/b9/17th_century_Proven%C3%A7al_Hebrew_cursive_script.png,File:17th_century_Provençal_Hebrew_cursive_script.png,9eca7f59fb47f766d21f3fae3d3c7109ee87e905586a0867d4d03503755ba5b0,image/png,1269328,1440,764,public_domain,PDM-1.0,true,true,true,false,,,primary_page_checked,This work is in the public domain in its country of origin and other countries and areas where the copyright term is the author's life plus 70 years or fewer.,2026-05-11,2026-05-11T08:30:40Z,claude,https://commons.wikimedia.org/wiki/File:17th_century_Proven%C3%A7al_Hebrew_cursive_script.png,Downloaded the original Commons image and read the license template on its file page; verbatim license sentence stored in rights.evidence_text.,,,true,high,,Tight colour PNG (1440×764) of the leaf opening; binding edge visible at right.,none,,,,,unknown,unknown,,,,,,unverified,,
commons__rachel_aqara_1928__p0001,commons__rachel_aqara_1928,File:Rachel's handwritten 1928 poem “Aqara”.jpg,1,1,1,Rachel Bluwstein handwritten poem 'Aqara' (1928),1,1928,year,2026-05-11,he,Hebr,poem,full_page,full_page,"Handwritten Hebrew poem manuscript, Rachel Bluwstein's hand.",1,original,data/scans/commons__rachel_aqara_1928/commons__rachel_aqara_1928__p0001.jpg,https://upload.wikimedia.org/wikipedia/commons/a/ad/Rachel%27s_handwritten_1928_poem_%E2%80%9CAqara%E2%80%9D.jpg,File:Rachel's handwritten 1928 poem “Aqara”.jpg,00ce84cbf0126c170ffd3e03b6a19073a205274aad1c709d34eb4a9190c34c05,image/jpeg,164379,653,1024,public_domain,PDM-1.0,true,true,true,false,,,primary_page_checked,"The author died in 1931, so this work is in the public domain in its country of origin and other countries and areas where the copyright term is the author's life plus 80 years or fewer.",2026-05-11,2026-05-11T12:04:00Z,claude-code,,Downloaded original Commons JPEG via upload.wikimedia.org (curly-quote URL).,,,true,high,,Medium resolution (653x1024).,none,,,,,unknown,unknown,,,,,,unverified,,
commons__rachel_gan_naul__p0001,commons__rachel_gan_naul,File:Gan Naul - Rachel IMG 3496.JPG,1,1,1,Rachel Bluwstein handwritten poem 'Gan Naul',1,1929,circa,2026-05-11,he,Hebr,poem,full_page,full_page,High-resolution photograph of Rachel Bluwstein's handwritten Hebrew poem manuscript.,1,original,data/scans/commons__rachel_gan_naul/commons__rachel_gan_naul__p0001.jpg,https://upload.wikimedia.org/wikipedia/commons/4/47/Gan_Naul_-_Rachel_IMG_3496.JPG,File:Gan Naul - Rachel IMG 3496.JPG,e207d74b6968ba8c5719da17f479b96e40da2c1624f58e69a96f56788b17cbdd,image/jpeg,5723457,5184,3456,public_domain,PDM-1.0,true,true,true,false,,,primary_page_checked,"The author died in 1931, so this work is in the public domain in its country of origin and other countries and areas where the copyright term is the author's life plus 80 years or fewer.",2026-05-11,2026-05-11T12:04:00Z,claude-code,,"Downloaded original Commons JPEG via upload.wikimedia.org; photograph of original 2019, Gnazim Institute archive.",,,true,high,,Highest-resolution scan in the dataset (5184x3456); ideal HTR source.,none,,,,,unknown,unknown,,,,,,unverified,,
commons__rachel_rak_al_atzmi__p0001,commons__rachel_rak_al_atzmi,File:Rak al atzmi.jpg,1,1,1,Rachel Bluwstein handwritten poem 'Rak al atzmi',1,1930,circa,2026-05-11,he,Hebr,poem,full_page,full_page,"Handwritten Hebrew poem manuscript, Rachel Bluwstein's hand.",1,original,data/scans/commons__rachel_rak_al_atzmi/commons__rachel_rak_al_atzmi__p0001.jpg,https://upload.wikimedia.org/wikipedia/commons/b/b0/Rak_al_atzmi.jpg,File:Rak al atzmi.jpg,d80d5d4271a4939d0e6d548402aab055538d9ed386eee4f6d3dce9d805821e62,image/jpeg,41499,370,550,public_domain,PDM-1.0,true,true,true,false,,,primary_page_checked,"The author died in 1931, so this work is in the public domain in its country of origin and other countries and areas where the copyright term is the author's life plus 80 years or fewer.",2026-05-11,2026-05-11T12:04:00Z,claude-code,,Downloaded original Commons JPEG via upload.wikimedia.org; from Ha-Avoda archive.,,,true,medium,,Low-resolution scan (370x550).,none,,,,,unknown,unknown,,,,,,unverified,,
commons__rashi_pentateuch_paseq_crop__p0001,commons__rashi_pentateuch_paseq_crop,File:Crop_of_Hebrew_manuscript_meant_to_illustrate_Hebrew_punctuation_paseq.jpg,1,1,1,Crop of a 14th-century Hebrew Pentateuch leaf (paseq illustration),1,circa 1325,circa,2026-05-11,he,Hebr,other,full_page,full_page,Very tight crop showing a few large vocalised Hebrew display words and the paseq vertical bar between phrases.,1,original,data/scans/commons__rashi_pentateuch_paseq_crop/commons__rashi_pentateuch_paseq_crop__p0001.jpg,https://upload.wikimedia.org/wikipedia/commons/6/62/Crop_of_Hebrew_manuscript_meant_to_illustrate_Hebrew_punctuation_paseq.jpg,File:Crop_of_Hebrew_manuscript_meant_to_illustrate_Hebrew_punctuation_paseq.jpg,bf98014c5388a99d5e57b743fc216228f8a97e317c4060eddb5921d141df0edb,image/jpeg,20861,103,155,public_domain,PDM-1.0,true,true,true,false,,,primary_page_checked,This work is in the public domain in its country of origin and other countries and areas where the copyright term is the author's life plus 70 years or fewer.,2026-05-11,2026-05-11T08:30:42Z,claude,https://commons.wikimedia.org/wiki/File:Crop_of_Hebrew_manuscript_meant_to_illustrate_Hebrew_punctuation_paseq.jpg,Downloaded the original Commons image and read the license template on its file page; verbatim license sentence stored in rights.evidence_text.,,,false,low,crop_too_small_for_htr,Punctuation-context crop only (103×155); not a full-page sample.,none,,,,,unknown,unknown,,,,,,unverified,,
commons__rav_kook_letter_03__p0001,commons__rav_kook_letter_03,File:Rav-kook-letter-03.jpg,1,1,1,Letter from Rabbi A. I. Kook to High Commissioner Herbert Samuel (17 May 1923),1,1923-05-17,day,2026-05-09,he,Hebr,letter,full_page,full_page,Full-page handwritten Hebrew letter from Rav Kook to Herbert Samuel.,1,original,data/scans/commons__rav_kook_letter_03/commons__rav_kook_letter_03__p0001.jpg,https://upload.wikimedia.org/wikipedia/commons/a/ad/Rav-kook-letter-03.jpg,File:Rav-kook-letter-03.jpg,f85d2c71a50a864623866fefc70c4c04b32b3c5b7328d9e3c8381916d053f05f,image/jpeg,148735,1000,1377,public_domain,PDM-1.0,true,true,true,false,,,primary_page_checked,"The author died in 1935, so this work is in the public domain in its country of origin and other countries and areas where the copyright term is the author's life plus 80 years or fewer.",2026-05-09,2026-05-09T10:37:00Z,claude-code,,Downloaded original Commons JPEG via upload.wikimedia.org.,,,true,high,,Medium-resolution (1000x1377); legible handwriting.,none,,,,,unknown,unknown,,,,,,unverified,,
commons__rav_kook_shemitah_letter__p0001,commons__rav_kook_shemitah_letter,File:Rav Kook Letter Regarding Shemitah Observance.jpg,1,1,1,Rav Kook letter regarding Shemitah observance,1,,unknown,2026-05-09,he,Hebr,letter,full_page,full_page,Full-page handwritten Hebrew halachic letter on Shemitah observance.,1,original,data/scans/commons__rav_kook_shemitah_letter/commons__rav_kook_shemitah_letter__p0001.jpg,https://upload.wikimedia.org/wikipedia/commons/0/0e/Rav_Kook_Letter_Regarding_Shemitah_Observance.jpg,File:Rav Kook Letter Regarding Shemitah Observance.jpg,32ff5d7da9b7023eab7197152f1d1217f1cc55bf3cde8d84444093433a32002e,image/jpeg,795608,3154,2480,public_domain,PDM-1.0,true,true,true,false,,,primary_page_checked,"The author died in 1935, so this work is in the public domain in its country of origin and other countries and areas where the copyright term is the author's life plus 80 years or fewer.",2026-05-09,2026-05-09T10:37:00Z,claude-code,,Downloaded original Commons JPEG via upload.wikimedia.org.,,,true,high,,High-resolution (3154x2480); strong HTR candidate.,none,,,,,unknown,unknown,,,,,,unverified,,
commons__sefer_harazim_geniza__p0001,commons__sefer_harazim_geniza,File:Sefer_HaRazim_(page_4_crop).jpg,1,page 4,1,"Sefer ha-Razim manuscript, page 4",1,10th-13th century,range,2026-05-11,he,Hebr,notebook,full_page,full_page,Continuous-text page from the magical manual; medium-cursive Hebrew.,1,original,data/scans/commons__sefer_harazim_geniza/commons__sefer_harazim_geniza__p0001.jpg,https://upload.wikimedia.org/wikipedia/commons/d/d6/Sefer_HaRazim_%28page_4_crop%29.jpg,File:Sefer_HaRazim_(page_4_crop).jpg,6681ed9724ab14ba59047cb658e0234a96d9b7be6e3d01bfb728ee4f966b541a,image/jpeg,1179991,3684,3405,public_domain,PDM-1.0,true,true,true,false,,,primary_page_checked,This work is in the public domain in its country of origin and other countries and areas where the copyright term is the author's life plus 70 years or fewer.,2026-05-11,2026-05-11T08:30:44Z,claude,https://commons.wikimedia.org/wiki/File:Sefer_HaRazim_(page_4_crop).jpg,Downloaded the original Commons image and read the license template on its file page; verbatim license sentence stored in rights.evidence_text.,"Gross Family Collection, Tel Aviv",,true,high,,"High-resolution crops from the NLI source PDF; some pages are continuous text, one (page 87) is a magical-square diagram.",none,,,,,unknown,unknown,,,,,,unverified,,
commons__sefer_harazim_geniza__p0002,commons__sefer_harazim_geniza,File:Sefer_HaRazim_(page_28_crop).jpg,2,page 28,1,"Sefer ha-Razim manuscript, page 28",1,10th-13th century,range,2026-05-11,he,Hebr,notebook,full_page,full_page,Continuous-text page with section breaks; mid-codex content.,1,original,data/scans/commons__sefer_harazim_geniza/commons__sefer_harazim_geniza__p0002.jpg,https://upload.wikimedia.org/wikipedia/commons/e/e5/Sefer_HaRazim_%28page_28_crop%29.jpg,File:Sefer_HaRazim_(page_28_crop).jpg,f538db316ebf476d2c85fe75bd3af87eadbff4ebc8b78cba88787827e9399e5a,image/jpeg,2257081,3552,5952,public_domain,PDM-1.0,true,true,true,false,,,primary_page_checked,This work is in the public domain in its country of origin and other countries and areas where the copyright term is the author's life plus 70 years or fewer.,2026-05-11,2026-05-11T08:30:46Z,claude,https://commons.wikimedia.org/wiki/File:Sefer_HaRazim_(page_28_crop).jpg,Downloaded the original Commons image and read the license template on its file page; verbatim license sentence stored in rights.evidence_text.,"Gross Family Collection, Tel Aviv",,true,high,,"High-resolution crops from the NLI source PDF; some pages are continuous text, one (page 87) is a magical-square diagram.",none,,,,,unknown,unknown,,,,,,unverified,,
commons__sefer_harazim_geniza__p0003,commons__sefer_harazim_geniza,File:Sefer_HaRazim_(page_86_crop).jpg,3,page 86,1,"Sefer ha-Razim manuscript, page 86",1,10th-13th century,range,2026-05-11,he,Hebr,notebook,full_page,full_page,Continuous-text page densely lettered; appears to be section transitions.,1,original,data/scans/commons__sefer_harazim_geniza/commons__sefer_harazim_geniza__p0003.jpg,https://upload.wikimedia.org/wikipedia/commons/c/c4/Sefer_HaRazim_%28page_86_crop%29.jpg,File:Sefer_HaRazim_(page_86_crop).jpg,488493db681ad45b97870b19051811ef110aa8706788d108cb0467758d39c7be,image/jpeg,2474438,3576,5969,public_domain,PDM-1.0,true,true,true,false,,,primary_page_checked,This work is in the public domain in its country of origin and other countries and areas where the copyright term is the author's life plus 70 years or fewer.,2026-05-11,2026-05-11T08:30:48Z,claude,https://commons.wikimedia.org/wiki/File:Sefer_HaRazim_(page_86_crop).jpg,Downloaded the original Commons image and read the license template on its file page; verbatim license sentence stored in rights.evidence_text.,"Gross Family Collection, Tel Aviv",,true,high,,"High-resolution crops from the NLI source PDF; some pages are continuous text, one (page 87) is a magical-square diagram.",none,,,,,unknown,unknown,,,,,,unverified,,
commons__sefer_harazim_geniza__p0004,commons__sefer_harazim_geniza,File:Sefer_HaRazim_(page_87_crop).jpg,4,page 87,1,"Sefer ha-Razim manuscript, page 87",1,10th-13th century,range,2026-05-11,he,Hebr,notebook,full_page,full_page,"Magical square diagram drawn in red and black inside a ruled frame, with adjacent invocation text and a marginal label.",1,original,data/scans/commons__sefer_harazim_geniza/commons__sefer_harazim_geniza__p0004.jpg,https://upload.wikimedia.org/wikipedia/commons/3/3e/Sefer_HaRazim_%28page_87_crop%29.jpg,File:Sefer_HaRazim_(page_87_crop).jpg,83e031a1f7328a0cdbcbed14b066dc4cc2bfc7b842cbecaa93ba37a946a41c5f,image/jpeg,268275,1914,1306,public_domain,PDM-1.0,true,true,true,false,,,primary_page_checked,This work is in the public domain in its country of origin and other countries and areas where the copyright term is the author's life plus 70 years or fewer.,2026-05-11,2026-05-11T08:30:50Z,claude,https://commons.wikimedia.org/wiki/File:Sefer_HaRazim_(page_87_crop).jpg,Downloaded the original Commons image and read the license template on its file page; verbatim license sentence stored in rights.evidence_text.,"Gross Family Collection, Tel Aviv",,true,high,,"High-resolution crops from the NLI source PDF; some pages are continuous text, one (page 87) is a magical-square diagram.",none,,,,,unknown,unknown,,,,,,unverified,,
commons__sefer_harazim_geniza__p0005,commons__sefer_harazim_geniza,File:Sefer_HaRazim_(page_105_crop).jpg,5,page 105,1,"Sefer ha-Razim manuscript, page 105",1,10th-13th century,range,2026-05-11,he,Hebr,notebook,full_page,full_page,Continuous-text page; later section of the manual.,1,original,data/scans/commons__sefer_harazim_geniza/commons__sefer_harazim_geniza__p0005.jpg,https://upload.wikimedia.org/wikipedia/commons/c/cb/Sefer_HaRazim_%28page_105_crop%29.jpg,File:Sefer_HaRazim_(page_105_crop).jpg,94632a9cda687b3733ecbe28641491e8de8af3ebdb8bb9a7c70a5272f480fd42,image/jpeg,2487890,3805,6526,public_domain,PDM-1.0,true,true,true,false,,,primary_page_checked,This work is in the public domain in its country of origin and other countries and areas where the copyright term is the author's life plus 70 years or fewer.,2026-05-11,2026-05-11T08:30:52Z,claude,https://commons.wikimedia.org/wiki/File:Sefer_HaRazim_(page_105_crop).jpg,Downloaded the original Commons image and read the license template on its file page; verbatim license sentence stored in rights.evidence_text.,"Gross Family Collection, Tel Aviv",,true,high,,"High-resolution crops from the NLI source PDF; some pages are continuous text, one (page 87) is a magical-square diagram.",none,,,,,unknown,unknown,,,,,,unverified,,
commons__sefer_harazim_geniza__p0006,commons__sefer_harazim_geniza,File:Sefer_HaRazim_(page_107_crop).jpg,6,page 107,1,"Sefer ha-Razim manuscript, page 107",1,10th-13th century,range,2026-05-11,he,Hebr,notebook,full_page,full_page,Continuous-text page near the end of the manual.,1,original,data/scans/commons__sefer_harazim_geniza/commons__sefer_harazim_geniza__p0006.jpg,https://upload.wikimedia.org/wikipedia/commons/4/45/Sefer_HaRazim_%28page_107_crop%29.jpg,File:Sefer_HaRazim_(page_107_crop).jpg,2b1c8f8cccad71cda862ed83a81f1f527f1d41e4af5cb5f70bcfb4a1af1a2e3e,image/jpeg,954681,3574,2879,public_domain,PDM-1.0,true,true,true,false,,,primary_page_checked,This work is in the public domain in its country of origin and other countries and areas where the copyright term is the author's life plus 70 years or fewer.,2026-05-11,2026-05-11T08:30:54Z,claude,https://commons.wikimedia.org/wiki/File:Sefer_HaRazim_(page_107_crop).jpg,Downloaded the original Commons image and read the license template on its file page; verbatim license sentence stored in rights.evidence_text.,"Gross Family Collection, Tel Aviv",,true,high,,"High-resolution crops from the NLI source PDF; some pages are continuous text, one (page 87) is a magical-square diagram.",none,,,,,unknown,unknown,,,,,,unverified,,
commons__shabazi_tiklal_1676__p0001,commons__shabazi_tiklal_1676,File:ShabaziMS.jpg,1,1,1,Shalom Shabazi Tiklal — 1676 autograph segment,1,1676,year,2026-05-11,he,Hebr,notebook,full_page,full_page,Horizontal slice of the manuscript showing five full lines of fully vocalised Yemenite square Hebrew with an initial-word block at lower-left.,1,original,data/scans/commons__shabazi_tiklal_1676/commons__shabazi_tiklal_1676__p0001.jpg,https://upload.wikimedia.org/wikipedia/commons/f/f2/ShabaziMS.jpg,File:ShabaziMS.jpg,558141a992335af8b8ee7c1b0c2879cf4d200a354d73bcc19942e16648ff877e,image/jpeg,170172,1187,331,public_domain,PDM-1.0,true,true,true,false,,,primary_page_checked,This work is in the public domain in its country of origin and other countries and areas where the copyright term is the author's life plus 100 years or fewer.,2026-05-11,2026-05-11T08:30:56Z,claude,https://commons.wikimedia.org/wiki/File:ShabaziMS.jpg,Downloaded the original Commons image and read the license template on its file page; verbatim license sentence stored in rights.evidence_text.,,,true,high,,Sharp colour segment crop (1187×331).,none,,,,,unknown,unknown,,,,,,unverified,,
commons__tsherniak_postcard_1913__p0001,commons__tsherniak_postcard_1913,"File:גלוית הרב צ'רניאק לרב יהודה לייב צירלסון מקישינב, 6.6.1913, צד א'.jpg",1,front,1,"Postcard from Rabbi Tsherniak to Rabbi Tsirelson (Kishinev, 6 June 1913), front side",1,1913-06-06,day,2026-05-09,he,Hebr,postcard,full_page,full_page,Handwritten Hebrew postcard front; rabbinic Eastern European cursive.,1,original,data/scans/commons__tsherniak_postcard_1913/commons__tsherniak_postcard_1913__p0001.jpg,https://upload.wikimedia.org/wikipedia/commons/b/ba/%D7%92%D7%9C%D7%95%D7%99%D7%AA_%D7%94%D7%A8%D7%91_%D7%A6%27%D7%A8%D7%A0%D7%99%D7%90%D7%A7_%D7%9C%D7%A8%D7%91_%D7%99%D7%94%D7%95%D7%93%D7%94_%D7%9C%D7%99%D7%99%D7%91_%D7%A6%D7%99%D7%A8%D7%9C%D7%A1%D7%95%D7%9F_%D7%9E%D7%A7%D7%99%D7%A9%D7%99%D7%A0%D7%91%2C_6.6.1913%2C_%D7%A6%D7%93_%D7%90%27.jpg,"File:גלוית הרב צ'רניאק לרב יהודה לייב צירלסון מקישינב, 6.6.1913, צד א'.jpg",5cc8cc00a25d0fd21683601b2fec5ed7320e9075c2f74ef3d38a420e34175d58,image/jpeg,371583,1161,1725,public_domain,LicenseRef-Public-Domain-Ukraine,true,true,true,false,,,primary_page_checked,"This file is a Ukrainian or Ukrainian SSR work and it is presently in the public domain in Ukraine, because it was published before January 1, 1956, and the creator (if known) died before that date.",2026-05-09,2026-05-09T10:37:00Z,claude-code,,Downloaded original Commons JPEG via upload.wikimedia.org; front side only (back may exist as a sister file).,,,true,high,,Medium-resolution (1161x1725); postcard layout is short-form.,none,,,,,unknown,unknown,,,,,,unverified,,
commons__tsherniak_postcard_1913__p0002,commons__tsherniak_postcard_1913,"File:גלוית הרב צ'רניאק לרב יהודה לייב צירלסון מקישינב, 6.6.1913, צד ב'.jpg",2,back,1,"Postcard from Rabbi Tsherniak to Rabbi Tsirelson (Kishinev, 6 June 1913), back side",1,1913-06-06,day,2026-05-11,he,Hebr,postcard,full_page,full_page,Handwritten Hebrew postcard back side; rabbinic Eastern European cursive.,1,original,data/scans/commons__tsherniak_postcard_1913/commons__tsherniak_postcard_1913__p0002.jpg,https://upload.wikimedia.org/wikipedia/commons/8/83/%D7%92%D7%9C%D7%95%D7%99%D7%AA_%D7%94%D7%A8%D7%91_%D7%A6%27%D7%A8%D7%A0%D7%99%D7%90%D7%A7_%D7%9C%D7%A8%D7%91_%D7%99%D7%94%D7%95%D7%93%D7%94_%D7%9C%D7%99%D7%99%D7%91_%D7%A6%D7%99%D7%A8%D7%9C%D7%A1%D7%95%D7%9F_%D7%9E%D7%A7%D7%99%D7%A9%D7%99%D7%A0%D7%91%2C_6.6.1913%2C_%D7%A6%D7%93_%D7%91%27.jpg,"File:גלוית הרב צ'רניאק לרב יהודה לייב צירלסון מקישינב, 6.6.1913, צד ב'.jpg",16710d4813c721a96369033f76c591e3e42e4d78d9b5cd9a9c1494f6e210eef3,image/jpeg,354950,1132,1703,public_domain,LicenseRef-Public-Domain-Ukraine,true,true,true,false,,,primary_page_checked,"This file is a Ukrainian or Ukrainian SSR work and it is presently in the public domain in Ukraine, because it was published before January 1, 1956, and the creator (if known) died before that date.",2026-05-11,2026-05-11T12:04:00Z,claude-code,,Downloaded original Commons JPEG via upload.wikimedia.org; back side companion to existing p0001 (front).,,,true,high,,Medium-resolution (1132x1703); postcard back layout.,none,,,,,unknown,unknown,,,,,,unverified,,
commons__volozhin_letter_shapira_1930__p0001,commons__volozhin_letter_shapira_1930,File:Letter. Volozhin yeshiva (FL12306957).jpg,1,1,1,"Volozhin Yeshiva fundraising letter from Yaakov Shapira, sheet 1 (1930)",1,1930,year,2026-05-11,he,Hebr,letter,full_page,full_page,"Handwritten Hebrew fundraising letter, sheet 1 of 2; diaspora rabbinical cursive.",1,original,data/scans/commons__volozhin_letter_shapira_1930/commons__volozhin_letter_shapira_1930__p0001.jpg,https://upload.wikimedia.org/wikipedia/commons/8/8e/Letter._Volozhin_yeshiva_%28FL12306957%29.jpg,File:Letter. Volozhin yeshiva (FL12306957).jpg,0e23564d666a85c59e2f3e64f1ead367154776a4b3618b2fc1dbc24ea455914b,image/jpeg,162723,609,800,public_domain,PDM-1.0,true,true,true,false,,,primary_page_checked,This work is in the public domain in its country of origin and other countries and areas where the copyright term is the author's life plus 70 years or fewer. This file is in the public domain because it is a mere mechanical scan or photocopy of a public domain original.,2026-05-11,2026-05-11T12:04:00Z,claude-code,,Downloaded original Commons JPEG via upload.wikimedia.org; NLI provenance.,,,true,high,,Medium resolution (609x800).,none,,,,,unknown,unknown,,,,,,unverified,,
commons__volozhin_letter_shapira_1930__p0002,commons__volozhin_letter_shapira_1930,File:Letter. Volozhin yeshiva (FL12306951).jpg,2,2,1,"Volozhin Yeshiva fundraising letter from Yaakov Shapira, sheet 2 (1930)",1,1930,year,2026-05-11,he,Hebr,letter,full_page,full_page,"Handwritten Hebrew fundraising letter, sheet 2 of 2.",1,original,data/scans/commons__volozhin_letter_shapira_1930/commons__volozhin_letter_shapira_1930__p0002.jpg,https://upload.wikimedia.org/wikipedia/commons/9/9f/Letter._Volozhin_yeshiva_%28FL12306951%29.jpg,File:Letter. Volozhin yeshiva (FL12306951).jpg,81b648e824f382876663b7da13dfe3d57b895bb49561af63442286418a4dcd0c,image/jpeg,176278,607,800,public_domain,PDM-1.0,true,true,true,false,,,primary_page_checked,This work is in the public domain in its country of origin and other countries and areas where the copyright term is the author's life plus 70 years or fewer. This file is in the public domain because it is a mere mechanical scan or photocopy of a public domain original.,2026-05-11,2026-05-11T12:04:00Z,claude-code,,Downloaded original Commons JPEG via upload.wikimedia.org; NLI provenance.,,,true,high,,Medium resolution (607x800).,none,,,,,unknown,unknown,,,,,,unverified,,
commons__zalman_stern_cod_hebr_120__p0001,commons__zalman_stern_cod_hebr_120,File:Cod._Hebr._120_-_Zalman_Stern_1849_---_12a.jpg,1,1,1,"Vienna Cod. Hebr. 120, fol. 12a (ex-libris Zalman Stern 1849)",2,14th century,range,2026-05-11,he,Hebr,notebook,full_page,full_page,"Upper portion of a Hebrew codex page in a 14th-century Ashkenazic-style hand; a later cursive Hebrew ownership inscription is visible at the top of the leaf, dated 1849 in Zalman Stern's hand.",1,original,data/scans/commons__zalman_stern_cod_hebr_120/commons__zalman_stern_cod_hebr_120__p0001.jpg,https://upload.wikimedia.org/wikipedia/commons/6/6a/Cod._Hebr._120_-_Zalman_Stern_1849_---_12a.jpg,File:Cod._Hebr._120_-_Zalman_Stern_1849_---_12a.jpg,0ec331e1c1ffe9ec7e75ce7a863d53f09ce86223b35edda86c9ce7e2f40700b9,image/jpeg,275171,468,465,cc_by_sa,CC-BY-SA-4.0,true,true,true,true,"User:Davidbena via Wikimedia Commons, CC BY-SA 4.0",https://commons.wikimedia.org/wiki/File:Cod._Hebr._120_-_Zalman_Stern_1849_---_12a.jpg,primary_page_checked,This file is licensed under the Creative Commons Attribution-Share Alike 4.0 International license.,2026-05-11,2026-05-11T08:30:58Z,claude,https://commons.wikimedia.org/wiki/File:Cod._Hebr._120_-_Zalman_Stern_1849_---_12a.jpg,Downloaded the original Commons image and read the license template on its file page; verbatim license sentence stored in rights.evidence_text.,Österreichische Nationalbibliothek,"Cod. Hebr. 120, fol. 12a",true,medium,,Tight crop (468×465) of the upper portion of folio 12a; lower portion of the page is cropped out.,none,,,,,unknown,unknown,,,,,,unverified,,
wikimedia__handwritten_hebrew_letters__p0001,wikimedia__handwritten_hebrew_letters,File:Delacroix letter.png,1,1,1,"Letter by Jamila Buzaglo about Eugene Delacroix drawing, 1832 (Solitreo script)",1,1832-06-15,day,2026-05-15,lad,Hebr,letter,full_page,full_page,Letter written in Solitreo (Hebrew cursive script used for Judeo-Spanish/Ladino); full page of handwriting.,1,original,data/scans/wikimedia__handwritten_hebrew_letters/wikimedia__handwritten_hebrew_letters__p0001.png,https://upload.wikimedia.org/wikipedia/commons/0/0e/Delacroix_letter.png,File:Delacroix letter.png,6d001d75f639b99249b164ca9950e522a44f31bd23aaec7c1da51321a9b3d9c1,image/png,117326,712,618,public_domain,PDM-1.0,true,true,true,false,,,primary_page_checked,Commons file page uses {{PD-old-100}}: This work is in the public domain in its country of origin and other countries and areas where the copyright term is the author's life plus 100 years or fewer. The letter dates to 1832 and the author (Jamila Buzaglo) died well before the public-domain threshold.,2026-05-15,2026-05-15T00:00:00Z,claude-code,https://commons.wikimedia.org/wiki/File:Delacroix_letter.png,"Downloaded from Wikimedia Commons via upload.wikimedia.org. File page verified for license (PD-old-100). Image sourced from http://www.vocesdehaquetia.com/fotografias.html, courtesy of Centre de la Culture Judeo-Marocaine.",,,true,medium,,712x618 pixel scan of a handwritten Solitreo letter. Legibility is moderate; individual characters are distinguishable.,none,,,,,unknown,unknown,,,,,,unverified,,
wikimedia__handwritten_hebrew_letters__p0002,wikimedia__handwritten_hebrew_letters,File:Solitreo contract.jpg,1,1,1,Late 19th-century Rabbinic contract from Jerusalem written in Solitreo script,1,1880,circa,2026-05-15,he,Hebr,other,full_page,full_page,Rabbinic contract written in Solitreo (Hebrew cursive script). Likely Hebrew or Hebrew/Aramaic text as is typical for rabbinic legal documents.,1,original,data/scans/wikimedia__handwritten_hebrew_letters/wikimedia__handwritten_hebrew_letters__p0002.jpg,https://upload.wikimedia.org/wikipedia/commons/6/65/Solitreo_contract.jpg,File:Solitreo contract.jpg,2f350fcfc183f01b7a3a59d93fd5d0c19723c2ff9646a1a4b61d45c96c0e9813,image/jpeg,536252,1300,966,public_domain,PDM-1.0,true,true,true,false,,,primary_page_checked,"Commons file page uses {{PD-Art|PD-old-70}}: This work is a faithful photographic reproduction of a two-dimensional, public domain work of art. The photographic reproduction is in the public domain in its country of origin and other countries. The original work (late 19th-century rabbinic contract) is in the public domain as the author is unknown and the work is over 70 years old.",2026-05-15,2026-05-15T00:00:00Z,claude-code,https://commons.wikimedia.org/wiki/File:Solitreo_contract.jpg,Downloaded from Wikimedia Commons via upload.wikimedia.org. File page verified for license (PD-Art|PD-old-70). Sourced from https://www.jewishartifacteducation.com/sephardic-customs.,,,true,medium,,1300x966 pixel scan of a Solitreo script rabbinic contract. Good resolution for HTR research on Solitreo script.,none,,,,,unknown,unknown,,,,,,unverified,,
