source_id,record_type,status,priority,provider,title,description,urls_canonical,urls_landing,urls_api,urls_download,urls_related,rights_basis,license_expression,commercial_use_allowed,derivatives_allowed,scan_redistribution_allowed,attribution_required,rights_evidence_text,rights_terms_url,rights_verification_status,rights_verified_at,scope_date_range,scope_languages,scope_document_types,scope_creator_names,scope_expected_handwriting,scope_estimated_scan_count,ingest_method,ingest_access_notes,ingest_agent_notes,ingest_blocked_reason,evidence_count
commons__begani_netatikha,item,verified,seed,Wikimedia Commons,BeGani Netatikha handwritten manuscript,"One-page handwritten Hebrew manuscript scan of Rachel Bluwstein's poem BeGani Netatikha, dated 1930 and hosted on Wikimedia Commons from the National Library of Israel.",https://commons.wikimedia.org/wiki/File:BeGani_Netatikha.jpg,https://web.nli.org.il/sites/NLI/Hebrew/digitallibrary/pages/viewer.aspx?docid=NNL03_EDU700291626&presentorid=NLI_EDU,https://commons.wikimedia.org/w/api.php?action=query&titles=File:BeGani_Netatikha.jpg&prop=imageinfo&iiprop=url%7Csize%7Cmime&format=json,https://upload.wikimedia.org/wikipedia/commons/6/6e/BeGani_Netatikha.jpg,,public_domain,PDM-1.0,true,true,true,false,Commons marks the scan and original as public domain and identifies the file as free of known copyright restrictions.,https://creativecommons.org/publicdomain/mark/1.0/,primary_page_checked,2026-05-09,1930,he,poem,Rachel Bluwstein,yes,1,manual_download,"Downloaded the Commons original JPEG and recorded its checksum, size, and dimensions at entry level.",This is a small but clean first verified Hebrew-language handwritten scan entry.,,2
commons__bialik_el_hazippor,item,verified,high,Wikimedia Commons,Bialik handwritten manuscript: 'El Ha-Tzippor' (1892),"Handwritten Hebrew manuscript of Hayyim Nahman Bialik's early poem 'El Ha-Tzippor' (To the Bird), dated 1892. Pre-dates the project's preferred post-1929 scope but is cleanly public domain (Bialik d. 1934).",https://commons.wikimedia.org/wiki/File:El_hazippor.jpg,,https://commons.wikimedia.org/w/api.php?action=query&titles=File:El_hazippor.jpg&prop=imageinfo&iiprop=url%7Csize%7Cmime&format=json,https://upload.wikimedia.org/wikipedia/commons/9/9a/El_hazippor.jpg,,public_domain,PDM-1.0,true,true,true,false,This work is in the public domain in its country of origin and other countries and areas where the copyright term is the author's life plus 70 years or fewer.,https://creativecommons.org/publicdomain/mark/1.0/,primary_page_checked,2026-05-09,1892,he,poem,Hayyim Nahman Bialik,yes,1,manual_download,Downloaded original Commons JPEG.,19th-century Hebrew handwriting style; differs from modern Israeli cursive — flag in quality.notes.,,1
commons__bialik_letter_safed_1927,item,verified,seed,Wikimedia Commons,Bialik letter to Jerusalem institutions about Safed initiative (1927),"Multi-page handwritten Hebrew letter by Hayyim Nahman Bialik to Jerusalem institutions following his stay in Safed and his initiative to build in Safed, dated 1927. Hosted on Wikimedia Commons via the Bitmuna Archive (collaboration with Wikimedia Israel).",https://commons.wikimedia.org/wiki/File:%D7%9E%D7%9B%D7%AA%D7%91_%D7%91%D7%99%D7%90%D7%9C%D7%99%D7%A7_%D7%9C%D7%9E%D7%95%D7%A1%D7%93%D7%95%D7%AA_%D7%91%D7%99%D7%A8%D7%95%D7%A9%D7%9C%D7%99%D7%9D_%D7%9C%D7%90%D7%97%D7%A8_%D7%A9%D7%94%D7%95%D7%AA%D7%95_%D7%91%D7%A9%D7%A4%D7%99%D7%94_%D7%95%D7%A9%D7%99%D7%A8%D7%95_%D7%9C%D7%91%D7%A0%D7%95%D7%AA_%D7%A9%D7%A4%D7%99%D7%94_1927_-_btm3552.jpeg,,https://commons.wikimedia.org/w/api.php?action=query&titles=File:%D7%9E%D7%9B%D7%AA%D7%91_%D7%91%D7%99%D7%90%D7%9C%D7%99%D7%A7_%D7%9C%D7%9E%D7%95%D7%A1%D7%93%D7%95%D7%AA_%D7%91%D7%99%D7%A8%D7%95%D7%A9%D7%9C%D7%99%D7%9D_%D7%9C%D7%90%D7%97%D7%A8_%D7%A9%D7%94%D7%95%D7%AA%D7%95_%D7%91%D7%A9%D7%A4%D7%99%D7%94_%D7%95%D7%A9%D7%99%D7%A8%D7%95_%D7%9C%D7%91%D7%A0%D7%95%D7%AA_%D7%A9%D7%A4%D7%99%D7%94_1927_-_btm3552.jpeg&prop=imageinfo&iiprop=url%7Csize%7Cmime&format=json,https://upload.wikimedia.org/wikipedia/commons/7/77/%D7%9E%D7%9B%D7%AA%D7%91_%D7%91%D7%99%D7%90%D7%9C%D7%99%D7%A7_%D7%9C%D7%9E%D7%95%D7%A1%D7%93%D7%95%D7%AA_%D7%91%D7%99%D7%A8%D7%95%D7%A9%D7%9C%D7%99%D7%9D_%D7%9C%D7%90%D7%97%D7%A8_%D7%A9%D7%94%D7%95%D7%AA%D7%95_%D7%91%D7%A9%D7%A4%D7%99%D7%94_%D7%95%D7%A9%D7%99%D7%A8%D7%95_%D7%9C%D7%91%D7%A0%D7%95%D7%AA_%D7%A9%D7%A4%D7%99%D7%94_1927_-_btm3552.jpeg,https://commons.wikimedia.org/wiki/File:%D7%9E%D7%9B%D7%AA%D7%91_%D7%91%D7%99%D7%90%D7%9C%D7%99%D7%A7_%D7%9C%D7%9E%D7%95%D7%A1%D7%93%D7%95%D7%AA_%D7%91%D7%99%D7%A8%D7%95%D7%A9%D7%9C%D7%99%D7%9D_%D7%9C%D7%90%D7%97%D7%A8_%D7%A9%D7%94%D7%95%D7%AA%D7%95_%D7%91%D7%A9%D7%A4%D7%99%D7%94_%D7%95%D7%A9%D7%99%D7%A8%D7%95_%D7%9C%D7%91%D7%A0%D7%95%D7%AA_%D7%A9%D7%A4%D7%99%D7%94_1927_-_btm3553.jpeg; https://commons.wikimedia.org/wiki/File:%D7%9E%D7%9B%D7%AA%D7%91_%D7%91%D7%99%D7%90%D7%9C%D7%99%D7%A7_%D7%9C%D7%9E%D7%95%D7%A1%D7%93%D7%95%D7%AA_%D7%91%D7%99%D7%A8%D7%95%D7%A9%D7%9C%D7%99%D7%9D_%D7%9C%D7%90%D7%97%D7%A8_%D7%A9%D7%94%D7%95%D7%AA%D7%95_%D7%91%D7%A9%D7%A4%D7%99%D7%94_%D7%95%D7%A9%D7%99%D7%A8%D7%95_%D7%9C%D7%91%D7%A0%D7%95%D7%AA_%D7%A9%D7%A4%D7%99%D7%94_1927_-_btm3554.jpeg,public_domain,LicenseRef-Public-Domain-Israel,true,true,true,false,This work or image is now in the public domain because its term of copyright has expired in Israel.,,primary_page_checked,2026-05-09,1927,he,letter,Hayyim Nahman Bialik,yes,3,manual_download,"Downloaded the original Commons JPEGs for all 3 pages of the letter (btm3552, btm3553, btm3554).",All three pages of the letter ingested as p0001/p0002/p0003 of this source.,,1
commons__blazer_letter_grayevsky_1905,item,verified,high,Wikimedia Commons,Yitzchak Blazer letter of commendation to Rabbi Y. A. Grayevsky (4 May 1905),"Single-page handwritten Hebrew letter of commendation by Yitzchak Blazer (Itzele Petersburger, 1837-1907) to Rabbi Yaakov Asher HaLevi Grayevsky, dated 4 May 1905. Source: Yad Ben Zvi via Commons.",https://commons.wikimedia.org/wiki/File:%D7%9E%D7%9B%D7%AA%D7%91_%D7%A9%D7%91%D7%97%D7%99%D7%9D_%D7%A9%D7%9C_%D7%99%D7%A6%D7%97%D7%A7_%D7%91%D7%9C%D7%90%D7%96%D7%A8_%D7%9C%D7%A8%D7%91_%D7%99%D7%A2%D7%A7%D7%91_%D7%90%D7%A9%D7%A8_%D7%94%D7%9C%D7%95%D7%99_%D7%92%D7%A8%D7%99%D7%99%D7%91%D7%A1%D7%A7%D7%99.jpg,,,https://upload.wikimedia.org/wikipedia/commons/6/66/%D7%9E%D7%9B%D7%AA%D7%91_%D7%A9%D7%91%D7%97%D7%99%D7%9D_%D7%A9%D7%9C_%D7%99%D7%A6%D7%97%D7%A7_%D7%91%D7%9C%D7%90%D7%96%D7%A8_%D7%9C%D7%A8%D7%91_%D7%99%D7%A2%D7%A7%D7%91_%D7%90%D7%A9%D7%A8_%D7%94%D7%9C%D7%95%D7%99_%D7%92%D7%A8%D7%99%D7%99%D7%91%D7%A1%D7%A7%D7%99.jpg,,public_domain,PDM-1.0,true,true,true,false,"The author died in 1907, so this work is in the public domain in its country of origin and other countries where the copyright term is the author's life plus 100 years or fewer.",https://creativecommons.org/publicdomain/mark/1.0/,primary_page_checked,2026-05-11,1905,he,letter,Yitzchak Blazer,yes,1,manual_download,Downloaded original Commons JPEG.,Lithuanian Mussar tradition; Yad Ben-Zvi provenance.,,1
commons__bodleian_geniza_ms_heb_d_41_4b,item,verified,medium,Wikimedia Commons,"Bodleian Cairo Geniza fragment MS Heb. d. 41, fol. 4b","High-resolution scan of one folio (4b) from a Cairo Geniza miscellany held at the Bodleian Libraries, Oxford (shelf-mark MS Heb. d. 41). Medieval Hebrew handwriting in oriental cursive; date unverified beyond 'medieval'.",https://commons.wikimedia.org/wiki/File:MS_HEB_d_41_4b_(2).jpg,https://commons.wikimedia.org/wiki/File:MS_HEB_d_41_4b_(2).jpg,,,,public_domain,PDM-1.0,true,true,true,false,This work is in the public domain in its country of origin and other countries and areas where the copyright term is the author's life plus 70 years or fewer.,https://creativecommons.org/publicdomain/mark/1.0/,primary_page_checked,2026-05-11,10th-12th century,he,notebook,Unknown medieval scribe,yes,1,manual_download,"Downloaded the original file from upload.wikimedia.org with a descriptive User-Agent and ~2s spacing between requests, per the Commons etiquette in AGENTS.md.",License-template text on the Commons file page checked on 2026-05-11 and quoted verbatim in rights.evidence_text.,,1
commons__bodleian_geniza_ms_heb_e_39_78b,item,verified,medium,Wikimedia Commons,"Bodleian Cairo Geniza fragment MS Heb. e. 39, fol. 78b",Hebrew codex leaf (fol. 78b) from a Bodleian Cairo Geniza miscellany (MS Heb. e. 39); medieval Hebrew cursive used for a poetic or homiletic text.,https://commons.wikimedia.org/wiki/File:Ms._Heb._e._39.78b.jpg,https://commons.wikimedia.org/wiki/File:Ms._Heb._e._39.78b.jpg,,,,public_domain,PDM-1.0,true,true,true,false,This work is in the public domain in its country of origin and other countries and areas where the copyright term is the author's life plus 70 years or fewer.,https://creativecommons.org/publicdomain/mark/1.0/,primary_page_checked,2026-05-11,10th-12th century,he,notebook,Unknown medieval scribe,yes,1,manual_download,"Downloaded the original file from upload.wikimedia.org with a descriptive User-Agent and ~2s spacing between requests, per the Commons etiquette in AGENTS.md.",License-template text on the Commons file page checked on 2026-05-11 and quoted verbatim in rights.evidence_text.,,1
commons__chaim_berlin_halachic_response_1894,item,verified,high,Wikimedia Commons,Halachic response of Chaim Berlin (1894),"Handwritten Hebrew responsum draft involving Rabbi Chaim Berlin (1832-1912) and Moses Nahum Jerusalimski (1855-1916), dated 1894. Two-hand manuscript.",https://commons.wikimedia.org/wiki/File:Halachic_response_of_Chaim_Berlin._1894.jpg,,https://commons.wikimedia.org/w/api.php?action=query&titles=File:Halachic_response_of_Chaim_Berlin._1894.jpg&prop=imageinfo&iiprop=url%7Csize%7Cmime&format=json,https://upload.wikimedia.org/wikipedia/commons/6/66/Halachic_response_of_Chaim_Berlin._1894.jpg,,public_domain,PDM-1.0,true,true,true,false,"The author died in 1916, so this work is in the public domain in its country of origin and other countries and areas where the copyright term is the author's life plus 100 years or fewer.",https://creativecommons.org/publicdomain/mark/1.0/,primary_page_checked,2026-05-09,1894,he,draft,Chaim Berlin; Moses Nahum Jerusalimski,yes,1,manual_download,Downloaded original Commons JPEG.,Two-hand manuscript — flag handwriting.notes.,,1
commons__chaim_berlin_letter_kollels_1890,item,verified,medium,Wikimedia Commons,Chaim Berlin letter to the Committee of all Kollels (1890),"Single-page handwritten Hebrew letter by Rabbi Chaim Berlin (1832-1912) to the Committee of all Kollels, dated 1890.",https://commons.wikimedia.org/wiki/File:A_letter_from_Chaim_Berlin_to_the_Committee_of_all_Kollels._1890.jpg,,,https://upload.wikimedia.org/wikipedia/commons/e/e2/A_letter_from_Chaim_Berlin_to_the_Committee_of_all_Kollels._1890.jpg,,public_domain,PDM-1.0,true,true,true,false,"The author died in 1912, so this work is in the public domain in its country of origin and other countries and areas where the copyright term is the author's life plus 100 years or fewer.",https://creativecommons.org/publicdomain/mark/1.0/,primary_page_checked,2026-05-11,1890,he,letter,Chaim Berlin,yes,1,manual_download,Downloaded original Commons JPEG.,Companion to existing commons__chaim_berlin_halachic_response_1894 source.,,1
commons__chief_rabbinate_letter_1921,item,verified,high,Wikimedia Commons,Chief Rabbinate proclamation by Rav Kook (1921),"Handwritten Hebrew proclamation by Rabbi Abraham Isaac Kook in his Chief Rabbinate role, dated 1921 (5681). Different document type from his personal correspondence.",https://commons.wikimedia.org/wiki/File:ChiefRabbinate1922Letter.jpg,,,https://upload.wikimedia.org/wikipedia/commons/0/0e/ChiefRabbinate1922Letter.jpg,,public_domain,PDM-1.0,true,true,true,false,This work is in the public domain in its country of origin and other countries and areas where the copyright term is the author's life plus 70 years or fewer.,https://creativecommons.org/publicdomain/mark/1.0/,primary_page_checked,2026-05-11,1921,he,other,Abraham Isaac Kook,yes,1,manual_download,Downloaded original Commons JPEG (filename says '1922' but the file dates the document to 5681 = 1921).,Proclamation document type differs from personal correspondence; recorded under 'other'.,,1
commons__chushiel_letter_geniza,item,verified,medium,Wikimedia Commons,"Letter of Hushiel ben Elhanan (Cairo Geniza facsimile, 1906 Jewish Encyclopedia)","Facsimile of the well-known Cairo Geniza letter by Rabbi Hushiel ben Elhanan (d. c. 1027), recounting the 'Four Captives' tradition. Reproduction comes from the 1906 Jewish Encyclopedia and is in the public domain by virtue of that publication.",https://commons.wikimedia.org/wiki/File:Chushiel_letter.jpg,https://commons.wikimedia.org/wiki/File:Chushiel_letter.jpg,,,,public_domain,PDM-1.0,true,true,true,false,This image is in the public domain because it was part of Jewish Encyclopedia (1901–1906). The copyrights for that book have expired and this image is in the public domain.,https://creativecommons.org/publicdomain/mark/1.0/,primary_page_checked,2026-05-11,circa 1000,he,letter,Hushiel ben Elhanan,yes,1,manual_download,"Downloaded the original file from upload.wikimedia.org with a descriptive User-Agent and ~2s spacing between requests, per the Commons etiquette in AGENTS.md.",License-template text on the Commons file page checked on 2026-05-11 and quoted verbatim in rights.evidence_text.,,1
commons__damascus_pentateuch_ms_heb_8_7088,item,verified,medium,Wikimedia Commons,"Damascus Pentateuch corpus, NLI Ms. Heb. 8°7088 (two-page spread, p. 16)","Two-page spread from a 14th-century Hebrew Pentateuch manuscript in the Damascus Pentateuch corpus at the National Library of Israel (Ms. Heb. 8°7088, p. 16). Oriental square script with vocalisation.",https://commons.wikimedia.org/wiki/File:Damascus_Pentateuch_8%C2%B07088_p.16.jpg,https://commons.wikimedia.org/wiki/File:Damascus_Pentateuch_8%C2%B07088_p.16.jpg,,,,public_domain,PDM-1.0,true,true,true,false,This work is in the public domain in its country of origin and other countries and areas where the copyright term is the author's life plus 100 years or fewer.,https://creativecommons.org/publicdomain/mark/1.0/,primary_page_checked,2026-05-11,14th century,he,notebook,Unknown 14th-century scribe,yes,1,manual_download,"Downloaded the original file from upload.wikimedia.org with a descriptive User-Agent and ~2s spacing between requests, per the Commons etiquette in AGENTS.md.",License-template text on the Commons file page checked on 2026-05-11 and quoted verbatim in rights.evidence_text.,,1
commons__epstein_meltzer_letter_about_kook,item,verified,high,Wikimedia Commons,Joint letter of Rabbis Epstein and Meltzer supporting Rav Kook,High-resolution handwritten Hebrew joint letter by Rabbis Moshe Mordechai Epstein (d. 1933) and Isser Zalman Meltzer (d. 1953) in support of Rav Kook. PD-old-70 clears as of 2024 (Meltzer life+70).,https://commons.wikimedia.org/wiki/File:RavEpsteinandRavMeltzer.jpg,,,https://upload.wikimedia.org/wikipedia/commons/c/cf/RavEpsteinandRavMeltzer.jpg,,public_domain,PDM-1.0,true,true,true,false,This work is in the public domain in its country of origin and other countries and areas where the copyright term is the author's life plus 70 years or fewer.,https://creativecommons.org/publicdomain/mark/1.0/,primary_page_checked,2026-05-11,before 1933,he,letter,Moshe Mordechai Epstein; Isser Zalman Meltzer,yes,1,manual_download,Downloaded original Commons JPEG (1920x2669 high-resolution).,Two-author letter; PD basis bounded by Meltzer's death year (1953).,,1
commons__geniza_education_ts_k5_13,item,verified,medium,Wikimedia Commons,Cairo Geniza writing-exercise leaf with menorah panel (T-S K5.13),Cairo Geniza leaf (Cambridge Taylor-Schechter K5.13) with a decorated alphabet writing exercise on one side and a coloured menorah-and-arch drawing on the other. Used by Cambridge as a classic Geniza pedagogical artefact.,https://commons.wikimedia.org/wiki/File:Education_(T-S_K5.13).jpg,https://commons.wikimedia.org/wiki/File:Education_(T-S_K5.13).jpg,,,,public_domain,PDM-1.0,true,true,true,false,This work is in the public domain in its country of origin and other countries and areas where the copyright term is the author's life plus 100 years or fewer.,https://creativecommons.org/publicdomain/mark/1.0/,primary_page_checked,2026-05-11,10th-12th century,he,notebook,Unknown Geniza teacher or pupil,yes,1,manual_download,"Downloaded the original file from upload.wikimedia.org with a descriptive User-Agent and ~2s spacing between requests, per the Commons etiquette in AGENTS.md.",License-template text on the Commons file page checked on 2026-05-11 and quoted verbatim in rights.evidence_text.,,1
commons__grodzinski_letter_about_kook,item,verified,high,Wikimedia Commons,Letter of Rav Chaim Ozer Grodzinski about Rav Kook,Handwritten Hebrew letter by Rabbi Chaim Ozer Grodzinski (1863-1940) of Vilna regarding Rav Kook. Written before 1936.,https://commons.wikimedia.org/wiki/File:Letter_of_Rav_Chaim_Ozer_Grodzinsky_About_Rav_Kook.jpg,,,https://upload.wikimedia.org/wikipedia/commons/4/43/Letter_of_Rav_Chaim_Ozer_Grodzinsky_About_Rav_Kook.jpg,,public_domain,LicenseRef-Public-Domain-Israel,true,true,true,false,This work or image is now in the public domain because its term of copyright has expired in Israel.,,primary_page_checked,2026-05-11,before 1936,he,letter,Chaim Ozer Grodzinski,yes,1,manual_download,Downloaded original Commons JPEG.,File page omits death year (Grodzinski d. 1940 externally documented); PD-Israel claim verified on primary page.,,1
commons__halper113_midrash_david_colophon,item,verified,high,Wikimedia Commons,Halper 113 Cairo Geniza colophon: Midrash David on Genesis (1299),"Cairo Geniza leaf containing the dated colophon (1299) of Midrash David on Genesis, signed by David ben Abraham Maimuni (1222/3-1300), grandson of Maimonides. Penn Halper 113.","https://commons.wikimedia.org/wiki/File:Halper_113_Midrash_David_on_Genesis,_colophon,_Cairo_Geniza.jpg","https://commons.wikimedia.org/wiki/File:Halper_113_Midrash_David_on_Genesis,_colophon,_Cairo_Geniza.jpg",,,,public_domain,PDM-1.0,true,true,true,false,This work is in the public domain in its country of origin and other countries and areas where the copyright term is the author's life plus 100 years or fewer.,https://creativecommons.org/publicdomain/mark/1.0/,primary_page_checked,2026-05-11,1299,he,marginalia,David ben Abraham Maimuni,yes,1,manual_download,"Downloaded the original file from upload.wikimedia.org with a descriptive User-Agent and ~2s spacing between requests, per the Commons etiquette in AGENTS.md.",License-template text on the Commons file page checked on 2026-05-11 and quoted verbatim in rights.evidence_text.,,1
commons__halper462_exilarch_genealogy,item,verified,medium,Wikimedia Commons,Halper 462 Cairo Geniza genealogy of the Exilarchs (12th century),"Cairo Geniza leaf compiling the genealogy of the Babylonian Exilarchs back to King David and Adam, written by Avraham ben Tamim al-Rahbi in the 12th century. Penn Halper 462.","https://commons.wikimedia.org/wiki/File:Halper_462_Genealogy_of_the_Exilarchs_to_David_and_Adam,_Cairo_Geniza.jpg","https://commons.wikimedia.org/wiki/File:Halper_462_Genealogy_of_the_Exilarchs_to_David_and_Adam,_Cairo_Geniza.jpg",,,,public_domain,PDM-1.0,true,true,true,false,This work is in the public domain in its country of origin and other countries and areas where the copyright term is the author's life plus 100 years or fewer.,https://creativecommons.org/publicdomain/mark/1.0/,primary_page_checked,2026-05-11,12th century,he,other,Avraham ben Tamim al-Rahbi,yes,1,manual_download,"Downloaded the original file from upload.wikimedia.org with a descriptive User-Agent and ~2s spacing between requests, per the Commons etiquette in AGENTS.md.",License-template text on the Commons file page checked on 2026-05-11 and quoted verbatim in rights.evidence_text.,,1
commons__hatikvah_imber_manuscript,item,verified,high,Wikimedia Commons,Naftali Herz Imber's handwritten 'Hatikvah' manuscript (1907-1908),"Handwritten Hebrew manuscript of the first stanza and chorus of 'Hatikvah' by Naftali Herz Imber (d. 1909), with author signature, dated September 1907 - September 1908.",https://commons.wikimedia.org/wiki/File:Hatikvah.jpg,,https://commons.wikimedia.org/w/api.php?action=query&titles=File:Hatikvah.jpg&prop=imageinfo&iiprop=url%7Csize%7Cmime&format=json,https://upload.wikimedia.org/wikipedia/commons/5/59/Hatikvah.jpg,,public_domain,PDM-1.0,true,true,true,false,"The author died in 1909, so this work is in the public domain in its country of origin and other countries and areas where the copyright term is the author's life plus 100 years or fewer.",https://creativecommons.org/publicdomain/mark/1.0/,primary_page_checked,2026-05-09,1907-1908,he,poem,Naftali Herz Imber,yes,1,manual_download,Downloaded original Commons JPEG.,Short excerpt (first stanza + chorus + signature); flag length in quality.notes.,,1
commons__hirsch_torah_letter_1878,item,verified,medium,Wikimedia Commons,S. R. Hirsch handwritten Hebrew Torah-thoughts letter (1878),"Three-sheet handwritten Hebrew letter on Torah thoughts and fundamentals by Rabbi Samson Raphael Hirsch (1808-1888), written in Frankfurt, dated 1878. Adds 19th-century German rabbinical Hebrew hand to the corpus.","https://commons.wikimedia.org/wiki/File:Letters_with_Torah_thoughts_and_fundamentals_of_Torah_in_Hebrew,_from_Rabbi_Samson_Refael_Hirsch._1878.jpg",,,https://upload.wikimedia.org/wikipedia/commons/4/43/Letters_with_Torah_thoughts_and_fundamentals_of_Torah_in_Hebrew%2C_from_Rabbi_Samson_Refael_Hirsch._1878.jpg,"https://commons.wikimedia.org/wiki/File:Letters_with_Torah_thoughts_and_fundamentals_of_Torah_in_Hebrew,_from_Rabbi_Samson_Refael_Hirsch._1878.II.jpg; https://commons.wikimedia.org/wiki/File:Letters_with_Torah_thoughts_and_fundamentals_of_Torah_in_Hebrew,_from_Rabbi_Samson_Refael_Hirsch._1878.III.jpg",public_domain,PDM-1.0,true,true,true,false,"The author died in 1888, so this work is in the public domain in its country of origin and other countries and areas where the copyright term is the author's life plus 100 years or fewer.",https://creativecommons.org/publicdomain/mark/1.0/,primary_page_checked,2026-05-11,1878,he,letter,Samson Raphael Hirsch,yes,3,manual_download,"Downloaded all three Commons JPEG sheets (I, II, III).",Frankfurt provenance; 19th-century German rabbinical Hebrew hand.,,1
commons__judah_halevi_letter_ts_8j18_5,item,verified,high,Wikimedia Commons,Cairo Geniza letter attributed to Judah ha-Levi (T-S 8J18.5),"Cairo Geniza letter attributed to the poet and philosopher Judah ha-Levi (d. 1141), Cambridge Taylor-Schechter shelf-mark T-S 8J18.5.",https://commons.wikimedia.org/wiki/File:Letter_(T-S_8J18.5).jpg,https://commons.wikimedia.org/wiki/File:Letter_(T-S_8J18.5).jpg,,,,public_domain,PDM-1.0,true,true,true,false,This work is in the public domain in its country of origin and other countries and areas where the copyright term is the author's life plus 70 years or fewer.,https://creativecommons.org/publicdomain/mark/1.0/,primary_page_checked,2026-05-11,circa 1140,he,letter,Judah ha-Levi,yes,1,manual_download,"Downloaded the original file from upload.wikimedia.org with a descriptive User-Agent and ~2s spacing between requests, per the Commons etiquette in AGENTS.md.",License-template text on the Commons file page checked on 2026-05-11 and quoted verbatim in rights.evidence_text.,,1
commons__kafka_hebrew_writings,item,verified,high,Wikimedia Commons,Franz Kafka — Hebrew language exercise notebook spread (Max Brod estate),"Open-notebook spread of Franz Kafka's late-life Hebrew language exercises, from the Max Brod literary estate at the National Library of Israel. The Hebrew here is Kafka's own hand; scholars have noted his Hebrew teacher's hand also appears in this notebook elsewhere.",https://commons.wikimedia.org/wiki/File:Franz_Kafka_-_Hebrew_writings_-_Literary_Estate_Max_Brod_-_National_Library_of_Israel.jpg,https://commons.wikimedia.org/wiki/File:Franz_Kafka_-_Hebrew_writings_-_Literary_Estate_Max_Brod_-_National_Library_of_Israel.jpg,,,,public_domain,PDM-1.0,true,true,true,false,This work is in the public domain in its country of origin and other countries and areas where the copyright term is the author's life plus 70 years or fewer.,https://creativecommons.org/publicdomain/mark/1.0/,primary_page_checked,2026-05-11,before 1925,he,notebook,Franz Kafka,yes,1,manual_download,"Downloaded the original file from upload.wikimedia.org with a descriptive User-Agent and ~2s spacing between requests, per the Commons etiquette in AGENTS.md.",License-template text on the Commons file page checked on 2026-05-11 and quoted verbatim in rights.evidence_text.,,1
commons__kook_letter_12_tammuz_1928,item,verified,seed,Wikimedia Commons,Rav Kook letter for 12 Tammuz 5688 (22 June 1928),"Single-page handwritten Hebrew letter by Rabbi Abraham Isaac Kook (d. 1935), dated 22 June 1928 (12 Tammuz 5688), reproduced via the Doar HaYom newspaper.",https://commons.wikimedia.org/wiki/File:%D7%9E%D7%9B%D7%AA%D7%91_%D7%90%D7%91%D7%A8%D7%94%D7%9D_%D7%99%D7%A6%D7%97%D7%A7_%D7%94%D7%9B%D7%94%D7%9F_%D7%A7%D7%95%D7%A7_%D7%9C%D7%9B%D7%91%D7%95%D7%93_%D7%99%D7%91_%D7%91%D7%AA%D7%9E%D7%95%D7%96_%D7%AA%D7%A8%D7%A4%D7%97.jpg,,,https://upload.wikimedia.org/wikipedia/commons/8/8e/%D7%9E%D7%9B%D7%AA%D7%91_%D7%90%D7%91%D7%A8%D7%94%D7%9D_%D7%99%D7%A6%D7%97%D7%A7_%D7%94%D7%9B%D7%94%D7%9F_%D7%A7%D7%95%D7%A7_%D7%9C%D7%9B%D7%91%D7%95%D7%93_%D7%99%D7%91_%D7%91%D7%AA%D7%9E%D7%95%D7%96_%D7%AA%D7%A8%D7%A4%D7%97.jpg,,public_domain,PDM-1.0,true,true,true,false,"The author died in 1935, so this work is in the public domain in its country of origin and other countries and areas where the copyright term is the author's life plus 80 years or fewer.",https://creativecommons.org/publicdomain/mark/1.0/,primary_page_checked,2026-05-11,1928,he,letter,Abraham Isaac Kook,yes,1,manual_download,Downloaded original Commons JPEG.,Reproduction via Doar HaYom newspaper; contrast may be limited.,,1
commons__landsberg_letter_1859,item,verified,medium,Wikimedia Commons,"Rabbi Moshe Landsberg letter to Sir Moses Montefiore, Posen (1859)","Two-page (front and back) handwritten Hebrew letter from Rabbi Moshe Landsberg to Sir Moses Montefiore, written from Posen in 1859. 300 dpi scan.","https://commons.wikimedia.org/wiki/File:Letter_from_Rabbi_Moshe_Landsberg,_Posen_1859_(F).jpg",,,https://upload.wikimedia.org/wikipedia/commons/8/83/Letter_from_Rabbi_Moshe_Landsberg%2C_Posen_1859_%28F%29.jpg,"https://commons.wikimedia.org/wiki/File:Letter_from_Rabbi_Moshe_Landsberg,_Posen_1859_(B).jpg",public_domain,PDM-1.0,true,true,true,false,"This file has been identified as being free of known restrictions under copyright law, including all related and neighboring rights.",https://creativecommons.org/publicdomain/mark/1.0/,primary_page_checked,2026-05-11,1859,he,letter,Moshe Landsberg,yes,2,manual_download,Downloaded both Commons JPEGs (front and back of single sheet).,Author death year not on file page; PDM-1.0 tag asserts free of known restrictions.,,1
commons__leibowitz_letter_about_kook,item,verified,high,Wikimedia Commons,Letter of Rav Boruch Ber Leibowitz about Rav Kook,"Handwritten Hebrew letter by Rabbi Boruch Ber Leibowitz (1862-1939), Kamenetz rosh yeshiva, regarding Rav Kook. Written before 1936.",https://commons.wikimedia.org/wiki/File:Letter_of_Rav_Boruch_Ber_Leibowitz_About_Rav_Kook.jpg,,,https://upload.wikimedia.org/wikipedia/commons/9/9a/Letter_of_Rav_Boruch_Ber_Leibowitz_About_Rav_Kook.jpg,,public_domain,LicenseRef-Public-Domain-Israel,true,true,true,false,This work or image is now in the public domain because its term of copyright has expired in Israel.,,primary_page_checked,2026-05-11,before 1936,he,letter,Boruch Ber Leibowitz,yes,1,manual_download,Downloaded original Commons JPEG.,File page omits death year (Leibowitz d. 1939 externally documented); PD-Israel claim verified on primary page.,,1
commons__leningrad_codex_folio_474a,item,verified,high,Wikimedia Commons,"Leningrad Codex, illuminated cover page (folio 474a, c. 1010 CE)","Illuminated geometric carpet page (folio 474a) of the Leningrad Codex (Saint Petersburg, RNL Firk. B 19A) — the oldest complete Hebrew Bible manuscript, copied and vocalised by Shmuel ben Ya'akov around 1010 CE.",https://commons.wikimedia.org/wiki/File:Leningrad_Codex_Folio_474a.jpg,https://commons.wikimedia.org/wiki/File:Leningrad_Codex_Folio_474a.jpg,,,,public_domain,PDM-1.0,true,true,true,false,This work is in the public domain in its country of origin and other countries and areas where the copyright term is the author's life plus 100 years or fewer.,https://creativecommons.org/publicdomain/mark/1.0/,primary_page_checked,2026-05-11,circa 1010,he,notebook,Shmuel ben Ya'akov,yes,1,manual_download,"Downloaded the original file from upload.wikimedia.org with a descriptive User-Agent and ~2s spacing between requests, per the Commons etiquette in AGENTS.md.",License-template text on the Commons file page checked on 2026-05-11 and quoted verbatim in rights.evidence_text.,,1
commons__mahzor_vitry_1204,item,verified,high,Wikimedia Commons,Mahzor Vitry — illuminated leaf of the 1204 manuscript copy,"Illuminated leaf from a 1204 manuscript copy of Mahzor Vitry, a French Jewish liturgical-halakhic compendium. The text is attributed to Simcha ben Samuel of Vitry (d. 1105); the handwriting on this leaf is the work of an anonymous 1204 scribe.",https://commons.wikimedia.org/wiki/File:Mahzor_Vitry.jpg,https://commons.wikimedia.org/wiki/File:Mahzor_Vitry.jpg,,,,public_domain,PDM-1.0,true,true,true,false,This work is in the public domain in its country of origin and other countries and areas where the copyright term is the author's life plus 100 years or fewer.,https://creativecommons.org/publicdomain/mark/1.0/,primary_page_checked,2026-05-11,1204,he,notebook,Unknown 13th-century scribe; Simcha ben Samuel of Vitry,yes,1,manual_download,"Downloaded the original file from upload.wikimedia.org with a descriptive User-Agent and ~2s spacing between requests, per the Commons etiquette in AGENTS.md.",License-template text on the Commons file page checked on 2026-05-11 and quoted verbatim in rights.evidence_text.,,1
commons__maimonides_responsum_ts_ns_163_57,item,verified,high,Wikimedia Commons,Working note in Maimonides' hand (Cairo Geniza T-S NS 163.57),Cairo Geniza leaf attributed to Moses Maimonides' personal hand: a two-column working note / draft list (Cambridge T-S NS 163.57). One of the few surviving leaves identified as Maimonides' autograph.,https://commons.wikimedia.org/wiki/File:T-S_NS_163.57.jpg,https://commons.wikimedia.org/wiki/File:T-S_NS_163.57.jpg,,,,public_domain,PDM-1.0,true,true,true,false,This work is in the public domain in its country of origin and other countries and areas where the copyright term is the author's life plus 70 years or fewer.,https://creativecommons.org/publicdomain/mark/1.0/,primary_page_checked,2026-05-11,circa 1180,he,draft,Moses Maimonides,yes,1,manual_download,"Downloaded the original file from upload.wikimedia.org with a descriptive User-Agent and ~2s spacing between requests, per the Commons etiquette in AGENTS.md.",License-template text on the Commons file page checked on 2026-05-11 and quoted verbatim in rights.evidence_text.,,1
commons__mardumsk_haskama_1931,item,verified,seed,Wikimedia Commons,Approbation by the Radomsk Rebbe (1931),"Single-page handwritten Hebrew rabbinic approbation (haskama) by the Radomsk Rebbe Shlomo Hanokh HaKohen Rabinowicz (d. 1942), dated 6 September 1931, written for a book by Rabbi Shlomo Stenzl.",https://commons.wikimedia.org/wiki/File:%D7%94%D7%A1%D7%9B%D7%9E%D7%AA_%D7%94%D7%A8%D7%91%D7%99_%D7%9E%D7%A8%D7%93%D7%95%D7%9E%D7%A1%D7%A7_%D7%9C%D7%A1%D7%A4%D7%A8%D7%95_%D7%A9%D7%9C_%D7%A8%D7%91%D7%99_%D7%A9%D7%9C%D7%9E%D7%94_%D7%A9%D7%98%D7%A0%D7%A6%D7%9C.jpg,,,https://upload.wikimedia.org/wikipedia/commons/f/fa/%D7%94%D7%A1%D7%9B%D7%9E%D7%AA_%D7%94%D7%A8%D7%91%D7%99_%D7%9E%D7%A8%D7%93%D7%95%D7%9E%D7%A1%D7%A7_%D7%9C%D7%A1%D7%A4%D7%A8%D7%95_%D7%A9%D7%9C_%D7%A8%D7%91%D7%99_%D7%A9%D7%9C%D7%9E%D7%94_%D7%A9%D7%98%D7%A0%D7%A6%D7%9C.jpg,,public_domain,PDM-1.0,true,true,true,false,This work is in the public domain in its country of origin and other countries and areas where the copyright term is the author's life plus 70 years or fewer.,https://creativecommons.org/publicdomain/mark/1.0/,primary_page_checked,2026-05-09,1931,he,letter,Shlomo Hanokh HaKohen Rabinowicz,yes,1,manual_download,Downloaded original Commons JPEG.,Rabbinic cursive script — note in entry quality.notes.,,1
commons__mira_ben_ari_letter,item,verified,seed,Wikimedia Commons,Handwritten Hebrew letter by Mira Ben-Ari,"Single-page handwritten Hebrew letter by Mira Ben-Ari (1926-1948), undated; must precede the author's death in 1948.",https://commons.wikimedia.org/wiki/File:%D7%9E%D7%9B%D7%AA%D7%91_%D7%91%D7%9B%D7%AA%D7%91_%D7%99%D7%93%D7%94_%D7%A9%D7%9C_%D7%9E%D7%99%D7%A8%D7%94_%D7%91%D7%9F-_%D7%90%D7%A8%D7%99.jpg,,,https://upload.wikimedia.org/wikipedia/commons/c/c4/%D7%9E%D7%9B%D7%AA%D7%91_%D7%91%D7%9B%D7%AA%D7%91_%D7%99%D7%93%D7%94_%D7%A9%D7%9C_%D7%9E%D7%99%D7%A8%D7%94_%D7%91%D7%9F-_%D7%90%D7%A8%D7%99.jpg,,public_domain,PDM-1.0,true,true,true,false,This work is in the public domain in its country of origin and other countries and areas where the copyright term is the author's life plus 70 years or fewer.,https://creativecommons.org/publicdomain/mark/1.0/,primary_page_checked,2026-05-09,before 1948,he,letter,Mira Ben-Ari,yes,1,manual_download,Downloaded original Commons JPEG.,Date precision is bounded by author lifespan (1926-1948); record as before_1948.,,1
commons__more_nevuchim_yemenite,item,verified,medium,Wikimedia Commons,Yemenite manuscript of Maimonides' Moreh Nevuchim — opening spread (13th-14th c.),"13th–14th-century Yemenite manuscript copy of the Hebrew translation of Maimonides' Moreh Nevuchim (Guide for the Perplexed). Two-page opening spread; underlying text is by Maimonides (d. 1204), handwriting is by an anonymous Yemenite scribe.",https://commons.wikimedia.org/wiki/File:More-Nevuchim-Yemenite-manuscipt.jpg,https://commons.wikimedia.org/wiki/File:More-Nevuchim-Yemenite-manuscipt.jpg,,,,public_domain,PDM-1.0,true,true,true,false,This work is in the public domain in its country of origin and other countries and areas where the copyright term is the author's life plus 70 years or fewer.,https://creativecommons.org/publicdomain/mark/1.0/,primary_page_checked,2026-05-11,13th-14th century,he,notebook,Unknown Yemenite scribe; Moses Maimonides,yes,1,manual_download,"Downloaded the original file from upload.wikimedia.org with a descriptive User-Agent and ~2s spacing between requests, per the Commons etiquette in AGENTS.md.",License-template text on the Commons file page checked on 2026-05-11 and quoted verbatim in rights.evidence_text.,,1
commons__obadiah_proselyte_doc16_baruch_aleppo,item,verified,medium,Wikimedia Commons,"Cairo Geniza letter of Barukh ben Isaac of Aleppo to Obadiah the Proselyte (Bodleian MS Heb. a. 3, fol. 1b)","Cairo Geniza letter from Barukh ben Isaac of Aleppo to Obadiah the Proselyte, 12th century; identified as Document XVI in the modern Obadiah dossier. Held at the Bodleian Libraries (MS Heb. a. 3, fol. 1b).","https://commons.wikimedia.org/wiki/File:Cairo_Geniza_-_Obadiah_the_Proselyte,_Document_XVI_-_letter_of_Barukh_ben_Isaac_of_Aleppo_(Bodleian_Library,_MS._Heb._a._3,_fol._1b).jpg","https://commons.wikimedia.org/wiki/File:Cairo_Geniza_-_Obadiah_the_Proselyte,_Document_XVI_-_letter_of_Barukh_ben_Isaac_of_Aleppo_(Bodleian_Library,_MS._Heb._a._3,_fol._1b).jpg",,,,public_domain,PDM-1.0,true,true,true,false,This work is in the public domain in its country of origin and other countries and areas where the copyright term is the author's life plus 70 years or fewer.,https://creativecommons.org/publicdomain/mark/1.0/,primary_page_checked,2026-05-11,circa 1150,he,letter,Barukh ben Isaac of Aleppo,yes,1,manual_download,"Downloaded the original file from upload.wikimedia.org with a descriptive User-Agent and ~2s spacing between requests, per the Commons etiquette in AGENTS.md.",License-template text on the Commons file page checked on 2026-05-11 and quoted verbatim in rights.evidence_text.,,1
commons__obadiah_proselyte_kaufmann_ms24,item,verified,high,Wikimedia Commons,Memoir of Obadiah the Proselyte — Kaufmann Genizah Collection MS 24,12th-century Cairo Geniza scroll containing the autobiographical memoir of Obadiah the Proselyte (Norman convert to Judaism); Kaufmann Genizah Collection MS 24 (Hungarian Academy of Sciences). Four documents spread across the two folios.,"https://commons.wikimedia.org/wiki/File:Cairo_Geniza_-_Obadiah_Scroll,_Document_II_(Kaufmann_Genizah_Collection,_MS_24,_f._1r).jpg","https://commons.wikimedia.org/wiki/File:Cairo_Geniza_-_Obadiah_Scroll,_Document_II_(Kaufmann_Genizah_Collection,_MS_24,_f._1r).jpg",,,"https://commons.wikimedia.org/wiki/File:Cairo_Geniza_-_Obadiah_Scroll,_Document_III_(Kaufmann_Genizah_Collection,_MS_24,_f._1v).jpg; https://commons.wikimedia.org/wiki/File:Cairo_Geniza_-_Obadiah_Scroll,_Document_VIII_(Kaufmann_Genizah_Collection,_MS_24,_f._2r).jpg; https://commons.wikimedia.org/wiki/File:Cairo_Geniza_-_Obadiah_Scroll,_Document_IX_(Kaufmann_Genizah_Collection,_MS_24,_f._2v).jpg",public_domain,PDM-1.0,true,true,true,false,"The author died in 1150, so this work is in the public domain in its country of origin and other countries and areas where the copyright term is the author's life plus 100 years or fewer.",https://creativecommons.org/publicdomain/mark/1.0/,primary_page_checked,2026-05-11,circa 1150,he,other,Obadiah the Proselyte,yes,4,manual_download,"Downloaded the original file from upload.wikimedia.org with a descriptive User-Agent and ~2s spacing between requests, per the Commons etiquette in AGENTS.md.",License-template text on the Commons file page checked on 2026-05-11 and quoted verbatim in rights.evidence_text.,,1
commons__pelliot_hebreu_1,item,verified,high,Wikimedia Commons,Pelliot Hébreu 1 — Hebrew letter from Dandan-Uiliq (8th-9th c.),"Pelliot Hébreu 1 (BnF) — an 8th–9th-century Hebrew business letter on paper, found by Paul Pelliot at Dandan-Uiliq on the southern Silk Road. One of the earliest dated Hebrew documents outside the biblical corpus.",https://commons.wikimedia.org/wiki/File:Pelliot_h%C3%A9breu_1.jpg,https://commons.wikimedia.org/wiki/File:Pelliot_h%C3%A9breu_1.jpg,,,,public_domain,PDM-1.0,true,true,true,false,This work is in the public domain in its country of origin and other countries and areas where the copyright term is the author's life plus 100 years or fewer.,https://creativecommons.org/publicdomain/mark/1.0/,primary_page_checked,2026-05-11,8th-9th century,he,letter,Unknown Persian Jewish merchant,yes,1,manual_download,"Downloaded the original file from upload.wikimedia.org with a descriptive User-Agent and ~2s spacing between requests, per the Commons etiquette in AGENTS.md.",License-template text on the Commons file page checked on 2026-05-11 and quoted verbatim in rights.evidence_text.,,1
commons__pirke_rebbe_eliezer_yemenite_1876,item,verified,medium,Wikimedia Commons,Yemenite manuscript of Pirke de-Rabbi Eliezer (1876) — photograph by User:Davidbena,"Title-page leaf of an 1876 Yemenite manuscript copy of Pirke de-Rabbi Eliezer; the underlying manuscript is public domain, the photograph was released CC BY-SA 4.0 on Commons by uploader User:Davidbena. Both rights tracks are clean per the AGENTS.md CC-BY-SA caveat.",https://commons.wikimedia.org/wiki/File:Yemenite_MSS._(Pirke_Rebbe_Eliezer)_Copied_in_1876.jpg,https://commons.wikimedia.org/wiki/File:Yemenite_MSS._(Pirke_Rebbe_Eliezer)_Copied_in_1876.jpg,,,,cc_by_sa,CC-BY-SA-4.0,true,true,true,true,This file is licensed under the Creative Commons Attribution-Share Alike 4.0 International license.,https://creativecommons.org/licenses/by-sa/4.0/,primary_page_checked,2026-05-11,1876,he,notebook,Unknown 19th-century Yemenite scribe; Davidbena (Commons photographer),yes,1,manual_download,"Downloaded the original file from upload.wikimedia.org with a descriptive User-Agent and ~2s spacing between requests, per the Commons etiquette in AGENTS.md.",License-template text on the Commons file page checked on 2026-05-11 and quoted verbatim in rights.evidence_text.,,1
commons__provencal_hebrew_cursive_17c,item,verified,medium,Wikimedia Commons,17th-century Provençal Hebrew cursive prayer leaf,Leaf of a 17th-century Provençal Hebrew prayerbook used on Wikipedia to illustrate Provençal Hebrew cursive script. Opens with the heading 'Tefilat Shacharit' and lists daily Psalms below.,https://commons.wikimedia.org/wiki/File:17th_century_Proven%C3%A7al_Hebrew_cursive_script.png,https://commons.wikimedia.org/wiki/File:17th_century_Proven%C3%A7al_Hebrew_cursive_script.png,,,,public_domain,PDM-1.0,true,true,true,false,This work is in the public domain in its country of origin and other countries and areas where the copyright term is the author's life plus 70 years or fewer.,https://creativecommons.org/publicdomain/mark/1.0/,primary_page_checked,2026-05-11,circa 1650,he,notebook,Unknown 17th-century Provençal scribe,yes,1,manual_download,"Downloaded the original file from upload.wikimedia.org with a descriptive User-Agent and ~2s spacing between requests, per the Commons etiquette in AGENTS.md.",License-template text on the Commons file page checked on 2026-05-11 and quoted verbatim in rights.evidence_text.,,1
commons__rachel_aqara_1928,item,verified,seed,Wikimedia Commons,Rachel Bluwstein handwritten poem 'Aqara' (1928),"Handwritten Hebrew manuscript of Rachel Bluwstein's poem 'Aqara' (Barren Woman), dated 1928.",https://commons.wikimedia.org/wiki/File:Rachel%27s_handwritten_1928_poem_%E2%80%9CAqara%E2%80%9D.jpg,,,https://upload.wikimedia.org/wikipedia/commons/a/ad/Rachel%27s_handwritten_1928_poem_%E2%80%9CAqara%E2%80%9D.jpg,,public_domain,PDM-1.0,true,true,true,false,"The author died in 1931, so this work is in the public domain in its country of origin and other countries and areas where the copyright term is the author's life plus 80 years or fewer.",https://creativecommons.org/publicdomain/mark/1.0/,primary_page_checked,2026-05-11,1928,he,poem,Rachel Bluwstein,yes,1,manual_download,Downloaded original Commons JPEG (URL uses U+201C/U+201D curly quotes).,Earlier 404 with straight-quote percent-encoding; curly-quote URL works.,,1
commons__rachel_gan_naul,item,verified,seed,Wikimedia Commons,Rachel Bluwstein handwritten poem 'Gan Naul',"Highest-resolution handwritten Hebrew manuscript of a Rachel Bluwstein poem on Commons: 'Gan Naul' (Locked Garden), from the Gnazim Institute archive.",https://commons.wikimedia.org/wiki/File:Gan_Naul_-_Rachel_IMG_3496.JPG,,,https://upload.wikimedia.org/wikipedia/commons/4/47/Gan_Naul_-_Rachel_IMG_3496.JPG,,public_domain,PDM-1.0,true,true,true,false,"The author died in 1931, so this work is in the public domain in its country of origin and other countries and areas where the copyright term is the author's life plus 80 years or fewer.",https://creativecommons.org/publicdomain/mark/1.0/,primary_page_checked,2026-05-11,circa 1929,he,poem,Rachel Bluwstein,yes,1,manual_download,Downloaded original Commons JPEG (5184x3456 high-resolution).,Photograph of original 2019; high-resolution and best HTR candidate among the Rachel manuscripts.,,1
commons__rachel_rak_al_atzmi,item,verified,high,Wikimedia Commons,Rachel Bluwstein handwritten poem 'Rak al atzmi',"Handwritten Hebrew manuscript of Rachel Bluwstein's poem 'Rak al atzmi' (Only About Myself), reportedly written near the end of her life (~1930).",https://commons.wikimedia.org/wiki/File:Rak_al_atzmi.jpg,,,https://upload.wikimedia.org/wikipedia/commons/b/b0/Rak_al_atzmi.jpg,,public_domain,PDM-1.0,true,true,true,false,"The author died in 1931, so this work is in the public domain in its country of origin and other countries and areas where the copyright term is the author's life plus 80 years or fewer.",https://creativecommons.org/publicdomain/mark/1.0/,primary_page_checked,2026-05-11,circa 1930,he,poem,Rachel Bluwstein,yes,1,manual_download,Downloaded original Commons JPEG.,Low-resolution scan (370x550).,,1
commons__rashi_pentateuch_paseq_crop,item,verified,medium,Wikimedia Commons,Crop of a 14th-century Hebrew Pentateuch manuscript illustrating the paseq punctuation,"Tight crop from a 14th-century Hebrew Pentateuch manuscript, used on Wikipedia to illustrate the paseq punctuation mark. The crop is too small for HTR training but is a useful punctuation-context example.",https://commons.wikimedia.org/wiki/File:Crop_of_Hebrew_manuscript_meant_to_illustrate_Hebrew_punctuation_paseq.jpg,https://commons.wikimedia.org/wiki/File:Crop_of_Hebrew_manuscript_meant_to_illustrate_Hebrew_punctuation_paseq.jpg,,,,public_domain,PDM-1.0,true,true,true,false,This work is in the public domain in its country of origin and other countries and areas where the copyright term is the author's life plus 70 years or fewer.,https://creativecommons.org/publicdomain/mark/1.0/,primary_page_checked,2026-05-11,circa 1325,he,other,Unknown 14th-century scribe,yes,1,manual_download,"Downloaded the original file from upload.wikimedia.org with a descriptive User-Agent and ~2s spacing between requests, per the Commons etiquette in AGENTS.md.",License-template text on the Commons file page checked on 2026-05-11 and quoted verbatim in rights.evidence_text.,,1
commons__rav_kook_letter_03,item,verified,seed,Wikimedia Commons,Letter from Rabbi A. I. Kook to High Commissioner Herbert Samuel (1923),"Single-page handwritten Hebrew letter by Rabbi Abraham Isaac Kook (d. 1935) addressed to British High Commissioner Herbert Samuel, dated 17 May 1923.",https://commons.wikimedia.org/wiki/File:Rav-kook-letter-03.jpg,,https://commons.wikimedia.org/w/api.php?action=query&titles=File:Rav-kook-letter-03.jpg&prop=imageinfo&iiprop=url%7Csize%7Cmime&format=json,https://upload.wikimedia.org/wikipedia/commons/a/ad/Rav-kook-letter-03.jpg,,public_domain,PDM-1.0,true,true,true,false,"The author died in 1935, so this work is in the public domain in its country of origin and other countries and areas where the copyright term is the author's life plus 80 years or fewer.",https://creativecommons.org/publicdomain/mark/1.0/,primary_page_checked,2026-05-09,1923,he,letter,Abraham Isaac Kook,yes,1,manual_download,Downloaded original Commons JPEG.,Pre-1929; included for author and document-type diversity.,,1
commons__rav_kook_shemitah_letter,item,verified,seed,Wikimedia Commons,Rav Kook letter regarding Shemitah observance,High-resolution scan of a handwritten Hebrew letter by Rabbi Abraham Isaac Kook (d. 1935) on the topic of shemitah observance; date precision bounded by author's death year.,https://commons.wikimedia.org/wiki/File:Rav_Kook_Letter_Regarding_Shemitah_Observance.jpg,,https://commons.wikimedia.org/w/api.php?action=query&titles=File:Rav_Kook_Letter_Regarding_Shemitah_Observance.jpg&prop=imageinfo&iiprop=url%7Csize%7Cmime&format=json,https://upload.wikimedia.org/wikipedia/commons/0/0e/Rav_Kook_Letter_Regarding_Shemitah_Observance.jpg,,public_domain,PDM-1.0,true,true,true,false,"The author died in 1935, so this work is in the public domain in its country of origin and other countries and areas where the copyright term is the author's life plus 80 years or fewer.",https://creativecommons.org/publicdomain/mark/1.0/,primary_page_checked,2026-05-09,before 1935,he,letter,Abraham Isaac Kook,yes,1,manual_download,Downloaded original Commons JPEG.,High-resolution (3154x2480) — strong HTR candidate.,,1
commons__sefer_harazim_geniza,item,verified,medium,Wikimedia Commons,"Sefer ha-Razim — Geniza-era Hebrew magical manuscript (NLI source PDF, page crops)","Page crops from a Geniza-era manuscript of Sefer ha-Razim ('Book of Mysteries'), a Hebrew magical/angelological text traditionally ascribed pseudonymously to angelic dictation. Source PDF distributed by the National Library of Israel; per-page crops on Commons.",https://commons.wikimedia.org/wiki/File:Sefer_HaRazim_(page_4_crop).jpg,https://commons.wikimedia.org/wiki/File:Sefer_HaRazim_(page_4_crop).jpg,,,https://commons.wikimedia.org/wiki/File:Sefer_HaRazim_(page_28_crop).jpg; https://commons.wikimedia.org/wiki/File:Sefer_HaRazim_(page_86_crop).jpg; https://commons.wikimedia.org/wiki/File:Sefer_HaRazim_(page_87_crop).jpg; https://commons.wikimedia.org/wiki/File:Sefer_HaRazim_(page_105_crop).jpg; https://commons.wikimedia.org/wiki/File:Sefer_HaRazim_(page_107_crop).jpg,public_domain,PDM-1.0,true,true,true,false,This work is in the public domain in its country of origin and other countries and areas where the copyright term is the author's life plus 70 years or fewer.,https://creativecommons.org/publicdomain/mark/1.0/,primary_page_checked,2026-05-11,10th-13th century,he,notebook,Anonymous Geniza-era scribe (work pseudepigraphically ascribed),yes,6,manual_download,"Downloaded the original file from upload.wikimedia.org with a descriptive User-Agent and ~2s spacing between requests, per the Commons etiquette in AGENTS.md.",License-template text on the Commons file page checked on 2026-05-11 and quoted verbatim in rights.evidence_text.,,1
commons__shabazi_tiklal_1676,item,verified,high,Wikimedia Commons,"Shalom Shabazi Tiklal manuscript, 1676 autograph segment","Horizontal segment of a 1676 Yemenite Tiklal (prayer book), authored and written in Shalom Shabazi's autograph hand. Shabazi (1619–c. 1720) is the central figure of Yemenite Jewish poetry.",https://commons.wikimedia.org/wiki/File:ShabaziMS.jpg,https://commons.wikimedia.org/wiki/File:ShabaziMS.jpg,,,,public_domain,PDM-1.0,true,true,true,false,This work is in the public domain in its country of origin and other countries and areas where the copyright term is the author's life plus 100 years or fewer.,https://creativecommons.org/publicdomain/mark/1.0/,primary_page_checked,2026-05-11,1676,he,notebook,Shalom Shabazi,yes,1,manual_download,"Downloaded the original file from upload.wikimedia.org with a descriptive User-Agent and ~2s spacing between requests, per the Commons etiquette in AGENTS.md.",License-template text on the Commons file page checked on 2026-05-11 and quoted verbatim in rights.evidence_text.,,1
commons__tsherniak_postcard_1913,item,verified,high,Wikimedia Commons,"Postcard from Rabbi Tsherniak to Rabbi Tsirelson (Kishinev, 6 June 1913)","Front side of a handwritten Hebrew postcard from Rabbi Shalom Shakhna Tsherniak (d. 1937) to Rabbi Yehuda Leib Tsirelson, sent from Kishinev on 6 June 1913. Provides the postcard document type to the corpus.",https://commons.wikimedia.org/wiki/File:%D7%92%D7%9C%D7%95%D7%99%D7%AA_%D7%94%D7%A8%D7%91_%D7%A6%27%D7%A8%D7%A0%D7%99%D7%90%D7%A7_%D7%9C%D7%A8%D7%91_%D7%99%D7%94%D7%95%D7%93%D7%94_%D7%9C%D7%99%D7%99%D7%91_%D7%A6%D7%99%D7%A8%D7%9C%D7%A1%D7%95%D7%9F_%D7%9E%D7%A7%D7%99%D7%A9%D7%99%D7%A0%D7%91%2C_6.6.1913%2C_%D7%A6%D7%93_%D7%90%27.jpg,,,https://upload.wikimedia.org/wikipedia/commons/b/ba/%D7%92%D7%9C%D7%95%D7%99%D7%AA_%D7%94%D7%A8%D7%91_%D7%A6%27%D7%A8%D7%A0%D7%99%D7%90%D7%A7_%D7%9C%D7%A8%D7%91_%D7%99%D7%94%D7%95%D7%93%D7%94_%D7%9C%D7%99%D7%99%D7%91_%D7%A6%D7%99%D7%A8%D7%9C%D7%A1%D7%95%D7%9F_%D7%9E%D7%A7%D7%99%D7%A9%D7%99%D7%A0%D7%91%2C_6.6.1913%2C_%D7%A6%D7%93_%D7%90%27.jpg,https://commons.wikimedia.org/wiki/File:%D7%92%D7%9C%D7%95%D7%99%D7%AA_%D7%94%D7%A8%D7%91_%D7%A6%27%D7%A8%D7%A0%D7%99%D7%90%D7%A7_%D7%9C%D7%A8%D7%91_%D7%99%D7%94%D7%95%D7%93%D7%94_%D7%9C%D7%99%D7%99%D7%91_%D7%A6%D7%99%D7%A8%D7%9C%D7%A1%D7%95%D7%9F_%D7%9E%D7%A7%D7%99%D7%A9%D7%99%D7%A0%D7%91%2C_6.6.1913%2C_%D7%A6%D7%93_%D7%91%27.jpg,public_domain,LicenseRef-Public-Domain-Ukraine,true,true,true,false,"This file is a Ukrainian or Ukrainian SSR work and it is presently in the public domain in Ukraine, because it was published before January 1, 1956, and the creator (if known) died before that date.",,primary_page_checked,2026-05-09,1913,he,postcard,Shalom Shakhna Tsherniak,yes,2,manual_download,Downloaded original Commons JPEGs for both sides of the postcard (front and back).,Both faces ingested as p0001 (front) and p0002 (back).,,1
commons__volozhin_letter_shapira_1930,item,verified,high,Wikimedia Commons,Volozhin Yeshiva fundraising letter from Yaakov Shapira (1930),"Two-sheet handwritten Hebrew fundraising letter from Yaakov Shapira (Volozhin rosh yeshiva, d. 1936), dated 1930. Source: NLI via Commons.",https://commons.wikimedia.org/wiki/File:Letter._Volozhin_yeshiva_(FL12306957).jpg,,,https://upload.wikimedia.org/wikipedia/commons/8/8e/Letter._Volozhin_yeshiva_%28FL12306957%29.jpg,https://commons.wikimedia.org/wiki/File:Letter._Volozhin_yeshiva_(FL12306951).jpg,public_domain,PDM-1.0,true,true,true,false,This work is in the public domain in its country of origin and other countries and areas where the copyright term is the author's life plus 70 years or fewer. This file is in the public domain because it is a mere mechanical scan or photocopy of a public domain original.,https://creativecommons.org/publicdomain/mark/1.0/,primary_page_checked,2026-05-11,1930,he,letter,Yaʻakov Shapira,yes,2,manual_download,Downloaded both Commons JPEG sheets (FL12306957 and FL12306951).,"Diaspora rabbinical cursive, post-1929; PD-old-70 since author d. 1936.",,1
commons__zalman_stern_cod_hebr_120,item,verified,medium,Wikimedia Commons,"Vienna Cod. Hebr. 120, fol. 12a — 14th-century manuscript with 1849 ownership inscription (CC-BY-SA photo)","Tight crop of the upper portion of fol. 12a of Vienna Cod. Hebr. 120 (Österreichische Nationalbibliothek), a 14th-century Hebrew manuscript with a 19th-century ownership inscription by Zalman Stern (1849). Underlying manuscript is public domain; the Commons photograph is licensed CC-BY-SA 4.0.",https://commons.wikimedia.org/wiki/File:Cod._Hebr._120_-_Zalman_Stern_1849_---_12a.jpg,https://commons.wikimedia.org/wiki/File:Cod._Hebr._120_-_Zalman_Stern_1849_---_12a.jpg,,,,cc_by_sa,CC-BY-SA-4.0,true,true,true,true,This file is licensed under the Creative Commons Attribution-Share Alike 4.0 International license.,https://creativecommons.org/licenses/by-sa/4.0/,primary_page_checked,2026-05-11,14th century,he,notebook,Unknown 14th-century scribe; Zalman Stern,yes,1,manual_download,"Downloaded the original file from upload.wikimedia.org with a descriptive User-Agent and ~2s spacing between requests, per the Commons etiquette in AGENTS.md.",License-template text on the Commons file page checked on 2026-05-11 and quoted verbatim in rights.evidence_text.,,1
figshare__tau_modern_hebrew_baseline,dataset,candidate,medium,Figshare / Tel Aviv University,Modern Hebrew Baseline Dataset,Modern Hebrew handwriting dataset from 18 contemporary individuals used as an algorithmic baseline for ostraca research.,https://doi.org/10.6084/m9.figshare.11423352.v1,,,,,cc_by,CC-BY-4.0,,,,true,Seed notes report CC BY 4.0.,,source_note_only,,modern,he,form; other,,yes,18,dataset_download,"Verify Figshare license and whether scans are full pages, lines, or other image units.",Permissive but attribution-bearing; keep separate from public-domain archival scans in license bundles.,,2
harvard__judaica_hollis_archival_discovery,collection,candidate,medium,Harvard Library,Harvard Judaica HOLLIS Archival Discovery,Large finding-aid and image corpus lead for public-domain Judaica personal papers and ephemera.,https://library.harvard.edu/services-tools/hollis-archival-discovery,https://library.harvard.edu/collections/judaica-digital-collection,,,https://library.harvard.edu/services-tools/harvard-library-public-domain-corpus,mixed,,,,,,"Seed notes say public-domain materials are freely available and metadata is CC0, but item-level scan rights must be checked.",,source_note_only,,1930-1955,he; yi; en; de,letter; diary; notebook; other,,unknown,,unknown,Use finding aids to locate item-level scans; add concrete item rows before harvesting.,"Potentially high volume, but less direct than NLI seeds.",,2
hhd__age_kaggle,dataset,rejected,exclude,Kaggle / HHD,HHD_age,Hebrew Handwritten Dataset age subset; useful reference but not compatible with remix-friendly corpus goals.,https://www.kaggle.com/datasets/liorabergel/hhd-age,,,,,restricted,CC-BY-NC-SA-4.0,false,,,true,Seed notes report non-commercial/share-alike terms and research-purpose restrictions.,,source_note_only,,modern,he,form,,yes,850,dataset_download,Do not include in remix-friendly release bundles unless relicensed.,May remain as a negative/restricted source record for search completeness.,Non-commercial restriction conflicts with downstream remix and commercial use.,2
hhd__gender_zenodo,dataset,rejected,exclude,Zenodo / HHD,HHD_gender,Hebrew Handwritten Dataset gender subset; source notes identify research-only or non-commercial restrictions.,https://zenodo.org/records/4729908,,,,,restricted,,false,,,,Seed notes report non-commercial academic/research-only constraints.,,source_note_only,,modern,he,form,,yes,819,dataset_download,Do not include in remix-friendly release bundles unless relicensed.,Keep as excluded lead to prevent accidental ingestion.,Research-only or non-commercial use conflicts with dataset goals.,1
hhd__v0_tc11,dataset,rejected,exclude,TC11 / HHD,HHD_v0 isolated characters,Isolated Hebrew character dataset; licensing notes include no-derivatives or conflicting terms.,https://tc11.cvc.uab.es/datasets/HHD_v0_1,https://huggingface.co/datasets/sivan22/hebrew-handwritten-dataset,,,,restricted,CC-BY-ND-3.0,,false,,true,Seed notes report CC BY-ND 3.0 / conflicting mirrors; no-derivatives conflicts with substantial transformation.,,source_note_only,,modern,he,form; other,,yes,,dataset_download,Do not include in remix-friendly release bundles unless primary authors grant compatible terms.,"Useful only as external reference for HTR, not as corpus content.",No-derivatives/conflicting license terms conflict with dataset goals.,2
jabotinsky__zeev_jabotinsky_archive,collection,candidate,high,Jabotinsky Institute Archive,Ze'ev Jabotinsky handwritten archive items,"Archive leads for handwritten notes and drafts by Ze'ev Jabotinsky, including Hebrew Accent and Population Exchange notes.",https://en.jabotinsky.org/archive/search-archive/item/?itemId=115024,https://en.jabotinsky.org/archive/catalog-of-files/?section=A&arc=9704&page=78,,,https://en.jabotinsky.org/archive/search-archive/item/?itemId=115421,unknown,,,,,,"Seed notes infer public domain from Jabotinsky death year, but repository terms and scan redistribution need primary verification.",,source_note_only,,1930-1939,he; yi; de,draft; speech; letter; other,Ze'ev Jabotinsky,mixed,,manual_download,Verify downloadable PDFs and terms before copying scans into repo.,1928 speech notes are out of post-1929 scope but may inform handwriting style; do not include as entry unless scope changes.,,2
nli__hannah_senesh_archive,collection,candidate,seed,National Library of Israel,Hannah Senesh Archive,"Collection-level lead for Hannah Senesh diaries, manuscripts, correspondence, and related handwritten materials.",https://www.nli.org.il/en/archives/nnl_archive_al997009165988705171/NLI,https://www.nli.org.il/en/at-your-service/announcements/hannah-szenes-archive,,,,public_domain,LicenseRef-Public-Domain-Israel,,,,false,Seed notes report item pages marked Any Use Permitted and Public Domain in Israel.,,source_note_only,,1936-1944,he; hu,diary; notebook; draft; poem; letter; other,Hannah Senesh,yes,,manual_download,Prioritize item-level NLI archive records with explicit download access and rights labels.,Promote only item pages with primary-page rights evidence; mixed Hebrew/Hungarian pages need page-level language tagging.,,2
nli__nnl_aleph990025684880205171,item,candidate,medium,National Library of Israel,יומן מהשואה by Elimelech Bash,Hebrew-script manuscript diary lead with public-domain rights claim; creation date needs verification.,https://www.nli.org.il/en/manuscripts/NNL_ALEPH990025684880205171/NLI,,,,,public_domain,LicenseRef-Public-Domain-Israel,,,,false,Seed note says Any Use Permitted and Public Domain in Israel.,,source_note_only,,,he,diary,Elimelech Bash,yes,,manual_download,Verify date written is after 1929 before inclusion.,Promising non-Senesh NLI seed.,,1
nli__nnl_archive_al997009761278705171,item,candidate,medium,National Library of Israel,Pocket Diary of Anna Hannah Szenes from Immigration Year,Pocket diary lead by Hannah Senesh; language details require verification.,https://www.nli.org.il/en/archives/NNL_ARCHIVE_AL997009761278705171/NLI,,,,,public_domain,LicenseRef-Public-Domain-Israel,,,,false,Seed note says Any Use Permitted and Public Domain in Israel; language needs verification.,,source_note_only,,1939,,diary,Hannah Senesh,yes,,manual_download,Verify Hebrew content before adding entries.,Keep as source-level candidate until language is checked.,,1
nli__nnl_archive_al997009831775705171,item,candidate,seed,National Library of Israel,Handwritten Draft of a Speech by Hannah Szenes,Handwritten draft of a speech on graduation from the Girls' Agricultural Training Farm in Nahalal.,https://www.nli.org.il/en/archives/NNL_ARCHIVE_AL997009831775705171/NLI,,,,,unknown,,,,,,Seed note calls it a strong candidate but says to verify before ingest.,,source_note_only,,1941,he,speech; draft,Hannah Senesh,yes,,manual_download,Verify item-level NLI rights label and download availability.,Likely useful as a short document-type contrast to diaries.,,1
nli__nnl_archive_al997009912248405171,item,candidate,high,National Library of Israel,Notebook Containing a Collection of Hebrew Poems by Hannah Szenes,"Handwritten notebook of Hebrew poems, likely useful for continuous handwriting samples.",https://www.nli.org.il/en/systemlibrary/umbracoitempage?docId=NNL_ARCHIVE_AL997009912248405171&lang=ar&type=archives&vid=NLI,,,,,unknown,,,,,,Seed note says direct page re-check is needed before immediate ingest.,,source_note_only,,1944,he,notebook; poem,Hannah Senesh,yes,,manual_download,Verify NLI rights page because the seed URL uses an umbraco item page.,Good candidate after rights confirmation.,,1
nli__nnl_archive_al997009912248505171,item,candidate,seed,National Library of Israel,Handwritten Diary of Hannah Szenes in Hebrew and Draft of The Violin,"Strong item-level seed: handwritten Hebrew diary plus play draft, dated 1941-1944.",https://www.nli.org.il/en/archives/NNL_ARCHIVE_AL997009912248505171/NLI,,,,,public_domain,LicenseRef-Public-Domain-Israel,,,,false,Seed note says the item page says Any Use Permitted and Public Domain in Israel.,,source_note_only,,1941-1944,he,diary; draft,Hannah Senesh,yes,,manual_download,Verify direct image/PDF access and split multi-page item into entries.,Good first page-level ingestion candidate.,,1
nli__nnl_archive_al997009912248705171,item,candidate,high,National Library of Israel,Handwritten Diary of Hannah Szenes in Hebrew and Hungarian,Mixed Hebrew/Hungarian handwritten diary dated 1938-1941.,https://www.nli.org.il/en/archives/NNL_ARCHIVE_AL997009912248705171/NLI,,,,,public_domain,LicenseRef-Public-Domain-Israel,,,,false,"Seed note says Any Use Permitted and Public Domain in Israel, but remote access may need confirmation.",,source_note_only,,1938-1941,he; hu,diary,Hannah Senesh,yes,,manual_download,Confirm whether online access is available outside the NLI building.,Tag Hebrew pages separately from Hungarian-heavy pages.,,1
nli__shaul_tchernichovsky_archive_items,collection,candidate,high,National Library of Israel,Shaul Tchernichovsky handwritten archive items,"NLI leads for receipts, literary drafts, notebooks, and memorandum drafts by Shaul Tchernichovsky.",https://www.nli.org.il/he/archives/NNL_ARCHIVE_AL990035912210205171/NLI,,,,https://www.nli.org.il/he/archives/NNL_ARCHIVE_AL990035912380205171/NLI; https://www.nli.org.il/he/archives/NNL_ARCHIVE_AL990035403420205171/NLI; https://www.nli.org.il/he/archives/NNL_ARCHIVE_AL990035912230205171/NLI,unknown,,,,,,Seed notes infer public domain from author death year and NLI; item-level rights must be checked.,,source_note_only,,1930s-1943,he,receipt; draft; notebook; other,Shaul Tchernichovsky,yes,,manual_download,Expand each NLI item into its own source row before harvesting scans.,Useful for handwriting diversity beyond Senesh.,,1
wikimedia__handwritten_hebrew_letters,category,candidate,medium,Wikimedia Commons,Category: Handwritten Hebrew letters,Commons category lead for freely licensed or public-domain handwritten Hebrew letter images and related media.,https://commons.wikimedia.org/wiki/Category:Handwritten_Hebrew_letters,,,,https://commons.wikimedia.org/wiki/Category:Hebrew_handwriting_scripts,mixed,,,,,,Commons media are individually licensed; verify each file page before ingest.,,source_note_only,,mixed,he,letter; postcard; marginalia; other,,mixed,,api,Use MediaWiki API and file pages; exclude SVG teaching samples unless the dataset explicitly wants vector handwriting examples.,"Good for broad discovery, not as a first seed batch.",,2
